observations,total_return,annualized_return,cagr,annualized_volatility,sharpe_ratio,max_drawdown,final_growth_of_one,base_fund_id,fund_id,universe,method,fusion_rule,tilt_strength,variant_label,evaluation_period,period_start,period_end,rebalance_count,average_one_way_turnover,average_one_way_active_shift_from_base,latest_effective_number_of_holdings,primary_base_fund,primary_fusion_rule,base_annualized_return,base_annualized_volatility,base_sharpe_ratio,base_max_drawdown,base_total_return,base_average_one_way_turnover,delta_annualized_return,delta_annualized_volatility,delta_sharpe_ratio,delta_max_drawdown,delta_total_return,delta_average_one_way_turnover,method_label
503,0.21945709673618619,0.12862059701172915,0.10450812590031289,0.24149863226838153,0.5325934801518498,-0.2787245867171566,1.2194570967361862,combined_equal_weight,combined_equal_weight,Combined,equal_weight,base,0.0,Base Fund,development_2021_2022,2021-01-04,2022-12-30,24,0.042860601466454686,0.0,60.000000000000014,False,False,0.12862059701172915,0.24149863226838153,0.5325934801518498,-0.2787245867171566,0.21945709673618619,0.042860601466454686,0.0,0.0,0.0,0.0,0.0,0.0,Equal Weight
503,0.21036874431773245,0.1246240418202417,0.10037641488495885,0.24046111119085312,0.5182710884228097,-0.27349779224938353,1.2103687443177324,combined_equal_weight,combined_equal_weight_coverage_rank_sentiment,Combined,equal_weight,coverage_rank,0.25,Coverage-Aware Rank Sentiment,development_2021_2022,2021-01-04,2022-12-30,24,0.07187445277228247,0.04153320358045867,59.52803908209595,False,True,0.12862059701172915,0.24149863226838153,0.5325934801518498,-0.2787245867171566,0.21945709673618619,0.042860601466454686,-0.00399655519148745,-0.0010375210775284138,-0.014322391729040151,0.005226794467773077,-0.009088352418453738,0.02901385130582778,Equal Weight
503,0.21171304218663378,0.12532534597879508,0.10098852751592591,0.24106782004721355,0.5198758837004868,-0.2756036141057995,1.2117130421866338,combined_equal_weight,combined_equal_weight_naive_sentiment,Combined,equal_weight,naive,1.0,Naive Sentiment,development_2021_2022,2021-01-04,2022-12-30,24,0.059322151484158245,0.02952975013412813,59.691243474252985,False,False,0.12862059701172915,0.24149863226838153,0.5325934801518498,-0.2787245867171566,0.21945709673618619,0.042860601466454686,-0.003295251032934071,-0.00043081222116797546,-0.012717596451363056,0.0031209726113571312,-0.007744054549552404,0.01646155001770356,Equal Weight
503,0.25806232581888455,0.15580175850685213,0.1218897652049411,0.2851342434563513,0.5464154589720559,-0.33512178543727034,1.2580623258188846,combined_hierarchical_risk_parity,combined_hierarchical_risk_parity,Combined,hierarchical_risk_parity,base,0.0,Base Fund,development_2021_2022,2021-01-04,2022-12-30,24,0.04910407408040309,0.0,54.75806216157826,True,False,0.15580175850685213,0.2851342434563513,0.5464154589720559,-0.33512178543727034,0.25806232581888455,0.04910407408040309,0.0,0.0,0.0,0.0,0.0,0.0,Hierarchical Sleeve Risk Parity
503,0.2529475334015334,0.15355963275399478,0.119602324679835,0.2844256617534495,0.5398937346486895,-0.3336613373478464,1.2529475334015334,combined_hierarchical_risk_parity,combined_hierarchical_risk_parity_coverage_rank_sentiment,Combined,hierarchical_risk_parity,coverage_rank,0.25,Coverage-Aware Rank Sentiment,development_2021_2022,2021-01-04,2022-12-30,24,0.0745462500121937,0.03770703021375437,53.59815141980624,True,True,0.15580175850685213,0.2851342434563513,0.5464154589720559,-0.33512178543727034,0.25806232581888455,0.04910407408040309,-0.0022421257528573435,-0.0007085817029017782,-0.006521724323366396,0.0014604480894239158,-0.005114792417351133,0.025442175931790607,Hierarchical Sleeve Risk Parity
503,0.2543286729738965,0.15422592302702243,0.12022045726156505,0.2848261058467218,0.5414739725789692,-0.33485640570807584,1.2543286729738965,combined_hierarchical_risk_parity,combined_hierarchical_risk_parity_naive_sentiment,Combined,hierarchical_risk_parity,naive,1.0,Naive Sentiment,development_2021_2022,2021-01-04,2022-12-30,24,0.06385927847461816,0.02682070244586773,54.10964105999397,True,False,0.15580175850685213,0.2851342434563513,0.5464154589720559,-0.33512178543727034,0.25806232581888455,0.04910407408040309,-0.0015758354798297014,-0.00030813760962949965,-0.004941486393086669,0.0002653797291944926,-0.0037336528449880557,0.014755204394215064,Hierarchical Sleeve Risk Parity
503,-0.029168147928566368,0.06810323783801565,-0.014720994114774677,0.40780141585086793,0.16700098428035096,-0.5210003618413179,0.9708318520714336,combined_maximum_sharpe,combined_maximum_sharpe,Combined,maximum_sharpe,base,0.0,Base Fund,development_2021_2022,2021-01-04,2022-12-30,24,0.18564207144726289,0.0,4.202033863140864,False,False,0.06810323783801565,0.40780141585086793,0.16700098428035096,-0.5210003618413179,-0.029168147928566368,0.18564207144726289,0.0,0.0,0.0,0.0,0.0,0.0,Maximum Sharpe
503,-0.007176805355653015,0.07942910490840698,-0.003601998162530484,0.4080481941441375,0.19465618534351292,-0.5167496470544604,0.992823194644347,combined_maximum_sharpe,combined_maximum_sharpe_coverage_rank_sentiment,Combined,maximum_sharpe,coverage_rank,0.25,Coverage-Aware Rank Sentiment,development_2021_2022,2021-01-04,2022-12-30,24,0.18821872319700428,0.028589346083040052,3.8092274198981264,False,True,0.06810323783801565,0.40780141585086793,0.16700098428035096,-0.5210003618413179,-0.029168147928566368,0.18564207144726289,0.011325867070391321,0.00024677829326957834,0.027655201063161966,0.004250714786857568,0.021991342572913353,0.002576651749741393,Maximum Sharpe
503,-0.009503701027264166,0.07853164990271692,-0.004772641462856497,0.4087269366309897,0.19213720179548022,-0.5169718995116073,0.9904962989727358,combined_maximum_sharpe,combined_maximum_sharpe_naive_sentiment,Combined,maximum_sharpe,naive,1.0,Naive Sentiment,development_2021_2022,2021-01-04,2022-12-30,24,0.18842116510131393,0.02133910564110599,3.9770053085475916,False,False,0.06810323783801565,0.40780141585086793,0.16700098428035096,-0.5210003618413179,-0.029168147928566368,0.18564207144726289,0.01042841206470127,0.000925520780121758,0.02513621751512926,0.004028462329710658,0.0196644469013022,0.002779093654051046,Maximum Sharpe
503,0.1622836597352164,0.0845249456109316,0.07825377847659554,0.1355170391194722,0.6237219036081078,-0.17995001821664847,1.1622836597352164,combined_minimum_variance,combined_minimum_variance,Combined,minimum_variance,base,0.0,Base Fund,development_2021_2022,2021-01-04,2022-12-30,24,0.03520740456276555,0.0,8.716395868420664,False,False,0.0845249456109316,0.1355170391194722,0.6237219036081078,-0.17995001821664847,0.1622836597352164,0.03520740456276555,0.0,0.0,0.0,0.0,0.0,0.0,Minimum Variance
503,0.158624173244875,0.08294861773617013,0.07655160769388503,0.13553966801731102,0.611987759373706,-0.18418848564175416,1.158624173244875,combined_minimum_variance,combined_minimum_variance_coverage_rank_sentiment,Combined,minimum_variance,coverage_rank,0.25,Coverage-Aware Rank Sentiment,development_2021_2022,2021-01-04,2022-12-30,24,0.07335607247022423,0.046205819237289086,8.631354361307038,False,True,0.0845249456109316,0.1355170391194722,0.6237219036081078,-0.17995001821664847,0.1622836597352164,0.03520740456276555,-0.001576327874761474,2.262889783882782e-05,-0.011734144234401778,-0.004238467425105696,-0.0036594864903414237,0.03814866790745868,Minimum Variance
503,0.1606416534937043,0.08379247690871476,0.07749034820176193,0.13533610401587595,0.6191435575748897,-0.17972473839018477,1.1606416534937043,combined_minimum_variance,combined_minimum_variance_naive_sentiment,Combined,minimum_variance,naive,1.0,Naive Sentiment,development_2021_2022,2021-01-04,2022-12-30,24,0.05407535732092825,0.03073778298403147,8.603639223291836,False,False,0.0845249456109316,0.1355170391194722,0.6237219036081078,-0.17995001821664847,0.1622836597352164,0.03520740456276555,-0.0007324687022168402,-0.00018093510359623588,-0.00457834603321805,0.00022527982646369793,-0.0016420062415121173,0.0188679527581627,Minimum Variance
503,0.21773728554648786,0.11727061815689276,0.10372745387930316,0.19266524805443858,0.6086755101976529,-0.22384241904565572,1.2177372855464879,combined_risk_parity,combined_risk_parity,Combined,risk_parity,base,0.0,Base Fund,development_2021_2022,2021-01-04,2022-12-30,24,0.03565267919908212,0.0,52.473126309184714,False,False,0.11727061815689276,0.19266524805443858,0.6086755101976529,-0.22384241904565572,0.21773728554648786,0.03565267919908212,0.0,0.0,0.0,0.0,0.0,0.0,Risk Parity
503,0.2107812578879149,0.11419222470926377,0.10056428488833835,0.1915770883755257,0.5960640997185759,-0.21974788253624422,1.210781257887915,combined_risk_parity,combined_risk_parity_coverage_rank_sentiment,Combined,risk_parity,coverage_rank,0.25,Coverage-Aware Rank Sentiment,development_2021_2022,2021-01-04,2022-12-30,24,0.06963182624739207,0.044715380992861965,50.95248431156828,False,True,0.11727061815689276,0.19266524805443858,0.6086755101976529,-0.22384241904565572,0.21773728554648786,0.03565267919908212,-0.003078393447628988,-0.0010881596789128756,-0.01261141047907699,0.004094536509411495,-0.00695602765857295,0.033979147048309954,Risk Parity
503,0.21264357775452436,0.11507754291036365,0.10141203915990848,0.1921793936127944,0.5988027162902981,-0.22008251088927777,1.2126435777545244,combined_risk_parity,combined_risk_parity_naive_sentiment,Combined,risk_parity,naive,1.0,Naive Sentiment,development_2021_2022,2021-01-04,2022-12-30,24,0.055326778086788805,0.03181918579245405,51.641131223011364,False,False,0.11727061815689276,0.19266524805443858,0.6086755101976529,-0.22384241904565572,0.21773728554648786,0.03565267919908212,-0.0021930752465291053,-0.00048585444164417346,-0.009872793907354738,0.0037599081563779446,-0.005093707791963498,0.019674098887706687,Risk Parity
503,0.21638038810610105,0.11319334798573708,0.10311113054375998,0.17354447751879673,0.6522440218443541,-0.20249210152511687,1.216380388106101,equity_equal_weight,equity_equal_weight,Equity,equal_weight,base,0.0,Base Fund,development_2021_2022,2021-01-04,2022-12-30,24,0.02892047589096137,0.0,49.99999999999999,False,False,0.11319334798573708,0.17354447751879673,0.6522440218443541,-0.20249210152511687,0.21638038810610105,0.02892047589096137,0.0,0.0,0.0,0.0,0.0,0.0,Equal Weight
503,0.20495540609745944,0.10821809643743915,0.09790806493050219,0.1721065708194574,0.6287853852538943,-0.1965819725024216,1.2049554060974594,equity_equal_weight,equity_equal_weight_coverage_rank_sentiment,Equity,equal_weight,coverage_rank,0.25,Coverage-Aware Rank Sentiment,development_2021_2022,2021-01-04,2022-12-30,24,0.06585878031738117,0.0498398442965504,49.52878040620268,False,True,0.11319334798573708,0.17354447751879673,0.6522440218443541,-0.20249210152511687,0.21638038810610105,0.02892047589096137,-0.004975251548297921,-0.0014379066993393252,-0.02345863659045988,0.005910129022695276,-0.011424982008641615,0.036938304426419794,Equal Weight
503,0.2067224876041247,0.10910236143926337,0.0987144181377142,0.1729832781927808,0.6307104512013844,-0.19811552328893134,1.2067224876041247,equity_equal_weight,equity_equal_weight_naive_sentiment,Equity,equal_weight,naive,1.0,Naive Sentiment,development_2021_2022,2021-01-04,2022-12-30,24,0.05000898009628118,0.035435700160953744,49.691560916186056,False,False,0.11319334798573708,0.17354447751879673,0.6522440218443541,-0.20249210152511687,0.21638038810610105,0.02892047589096137,-0.004090986546473704,-0.0005611993260159209,-0.02153357064296979,0.004376578236185535,-0.009657900501976346,0.021088504205319807,Equal Weight
503,0.04515632277930104,0.054358021727792846,0.022373756462395145,0.2542455082555252,0.21380130607130027,-0.37674775139463845,1.045156322779301,equity_maximum_sharpe,equity_maximum_sharpe,Equity,maximum_sharpe,base,0.0,Base Fund,development_2021_2022,2021-01-04,2022-12-30,24,0.16687016353903614,0.0,3.728361847934235,False,False,0.054358021727792846,0.2542455082555252,0.21380130607130027,-0.37674775139463845,0.04515632277930104,0.16687016353903614,0.0,0.0,0.0,0.0,0.0,0.0,Maximum Sharpe
503,0.07245549976396859,0.06768853755346325,0.03566628490225221,0.2559463840371325,0.26446373840406767,-0.3703005444947228,1.0724554997639686,equity_maximum_sharpe,equity_maximum_sharpe_coverage_rank_sentiment,Equity,maximum_sharpe,coverage_rank,0.25,Coverage-Aware Rank Sentiment,development_2021_2022,2021-01-04,2022-12-30,24,0.17501529712113328,0.04450279004656554,3.426279501088153,False,True,0.054358021727792846,0.2542455082555252,0.21380130607130027,-0.37674775139463845,0.04515632277930104,0.16687016353903614,0.013330515825670408,0.0017008757816072695,0.050662432332767404,0.006447206899915625,0.02729917698466755,0.008145133582097147,Maximum Sharpe
503,0.06421751252581642,0.06418635919382469,0.03167301212251261,0.25735537165644495,0.24940749742542734,-0.3709470601099728,1.0642175125258164,equity_maximum_sharpe,equity_maximum_sharpe_naive_sentiment,Equity,maximum_sharpe,naive,1.0,Naive Sentiment,development_2021_2022,2021-01-04,2022-12-30,24,0.17357225470115137,0.03397908233314983,3.569264765586264,False,False,0.054358021727792846,0.2542455082555252,0.21380130607130027,-0.37674775139463845,0.04515632277930104,0.16687016353903614,0.009828337466031845,0.0031098634009197323,0.03560619135412707,0.005800691284665649,0.019061189746515383,0.006702091162115231,Maximum Sharpe
503,0.16228370618744115,0.08452496617216869,0.07825380006636107,0.13551704342975027,0.6237220354942661,-0.17995004219487476,1.1622837061874411,equity_minimum_variance,equity_minimum_variance,Equity,minimum_variance,base,0.0,Base Fund,development_2021_2022,2021-01-04,2022-12-30,24,0.03520755091123561,0.0,8.716399597934132,False,False,0.08452496617216869,0.13551704342975027,0.6237220354942661,-0.17995004219487476,0.16228370618744115,0.03520755091123561,0.0,0.0,0.0,0.0,0.0,0.0,Minimum Variance
503,0.15862423572229822,0.08294864528121329,0.07655163677746946,0.13553967229138056,0.6119879433004081,-0.18418848513086727,1.1586242357222982,equity_minimum_variance,equity_minimum_variance_coverage_rank_sentiment,Equity,minimum_variance,coverage_rank,0.25,Coverage-Aware Rank Sentiment,development_2021_2022,2021-01-04,2022-12-30,24,0.0733559925765534,0.04620582674394846,8.63135915728826,False,True,0.08452496617216869,0.13551704342975027,0.6237220354942661,-0.17995004219487476,0.16228370618744115,0.03520755091123561,-0.0015763208909553988,2.2628861630291652e-05,-0.011734092193858014,-0.004238442935992515,-0.003659470465142922,0.038148441665317785,Minimum Variance
503,0.16064175276532477,0.08379252020455115,0.07749039437314598,0.13533610762730586,0.6191438609665237,-0.17972475034636448,1.1606417527653248,equity_minimum_variance,equity_minimum_variance_naive_sentiment,Equity,minimum_variance,naive,1.0,Naive Sentiment,development_2021_2022,2021-01-04,2022-12-30,24,0.054075457041096515,0.030737775257914362,8.603643028891629,False,False,0.08452496617216869,0.13551704342975027,0.6237220354942661,-0.17995004219487476,0.16228370618744115,0.03520755091123561,-0.0007324459676175399,-0.00018093580244440965,-0.00457817452774234,0.0002252918485102784,-0.0016419534221163712,0.018867906129860904,Minimum Variance
503,0.16912728480065997,0.09108655109235594,0.08142985534352154,0.16004971237225002,0.5691141192462952,-0.19395230461104163,1.16912728480066,equity_risk_parity,equity_risk_parity,Equity,risk_parity,base,0.0,Base Fund,development_2021_2022,2021-01-04,2022-12-30,24,0.027266996877171264,0.0,45.771393614641106,False,False,0.09108655109235594,0.16004971237225002,0.5691141192462952,-0.19395230461104163,0.16912728480065997,0.027266996877171264,0.0,0.0,0.0,0.0,0.0,0.0,Risk Parity
503,0.16115308452464783,0.08745236397567221,0.07772818942370963,0.15875586667281286,0.55086067563038,-0.18934207791096225,1.1611530845246478,equity_risk_parity,equity_risk_parity_coverage_rank_sentiment,Equity,risk_parity,coverage_rank,0.25,Coverage-Aware Rank Sentiment,development_2021_2022,2021-01-04,2022-12-30,24,0.06607940958037284,0.04930370039450251,44.4430915042543,False,True,0.09108655109235594,0.16004971237225002,0.5691141192462952,-0.19395230461104163,0.16912728480065997,0.027266996877171264,-0.003634187116683729,-0.0012938456994371628,-0.018253443615915188,0.004610226700079378,-0.007974200276012144,0.03881241270320157,Risk Parity
503,0.16331187720335483,0.08850217842307198,0.07873156133320447,0.15950869894383707,0.5548423315410124,-0.189715406415376,1.1633118772033548,equity_risk_parity,equity_risk_parity_naive_sentiment,Equity,risk_parity,naive,1.0,Naive Sentiment,development_2021_2022,2021-01-04,2022-12-30,24,0.04993627602042834,0.03509852629292708,45.02620590752706,False,False,0.09108655109235594,0.16004971237225002,0.5691141192462952,-0.19395230461104163,0.16912728480065997,0.027266996877171264,-0.002584372669283963,-0.0005410134284129509,-0.014271787705282812,0.004236898195665639,-0.0058154075973051444,0.022669279143257077,Risk Parity
753,0.5236892003153522,0.16433693011443073,0.1513526195518089,0.2160038524438884,0.7608055516376531,-0.2787245867171566,1.5236892003153522,combined_equal_weight,combined_equal_weight,Combined,equal_weight,base,0.0,Base Fund,full_oos,2021-01-04,2023-12-29,36,0.03857279968817224,0.0,60.000000000000014,False,False,0.16433693011443073,0.2160038524438884,0.7608055516376531,-0.2787245867171566,0.5236892003153522,0.03857279968817224,0.0,0.0,0.0,0.0,0.0,0.0,Equal Weight
753,0.5182441251320711,0.16296480836605234,0.14997401905390717,0.2151939157044991,0.7572928250900599,-0.27349779224938353,1.518244125132071,combined_equal_weight,combined_equal_weight_coverage_rank_sentiment,Combined,equal_weight,coverage_rank,0.25,Coverage-Aware Rank Sentiment,full_oos,2021-01-04,2023-12-29,36,0.07359603773377782,0.04374407188719908,58.99984277284528,False,True,0.16433693011443073,0.2160038524438884,0.7608055516376531,-0.2787245867171566,0.5236892003153522,0.03857279968817224,-0.001372121748378391,-0.0008099367393892831,-0.003512726547593159,0.005226794467773077,-0.005445075183281078,0.03502323804560558,Equal Weight
753,0.5168335559828798,0.1627566837761885,0.14961635059491085,0.21567410633396014,0.7546417441701055,-0.2756036141057995,1.5168335559828798,combined_equal_weight,combined_equal_weight_naive_sentiment,Combined,equal_weight,naive,1.0,Naive Sentiment,full_oos,2021-01-04,2023-12-29,36,0.055423264544942986,0.027114685226465637,59.826253456137195,False,False,0.16433693011443073,0.2160038524438884,0.7608055516376531,-0.2787245867171566,0.5236892003153522,0.03857279968817224,-0.0015802463382422471,-0.0003297461099282528,-0.006163807467547522,0.0031209726113571312,-0.0068556443324723215,0.016850464856770747,Equal Weight
753,0.5707219119279183,0.18257706092199455,0.1631262524874335,0.25036106080364945,0.7292550220706413,-0.33512178543727034,1.5707219119279183,combined_hierarchical_risk_parity,combined_hierarchical_risk_parity,Combined,hierarchical_risk_parity,base,0.0,Base Fund,full_oos,2021-01-04,2023-12-29,36,0.04297616468020738,0.0,54.840810376046235,True,False,0.18257706092199455,0.25036106080364945,0.7292550220706413,-0.33512178543727034,0.5707219119279183,0.04297616468020738,0.0,0.0,0.0,0.0,0.0,0.0,Hierarchical Sleeve Risk Parity
753,0.5679505290024462,0.18184408125395607,0.162439049962102,0.24979196927983643,0.7279820955742583,-0.3336613373478464,1.5679505290024462,combined_hierarchical_risk_parity,combined_hierarchical_risk_parity_coverage_rank_sentiment,Combined,hierarchical_risk_parity,coverage_rank,0.25,Coverage-Aware Rank Sentiment,full_oos,2021-01-04,2023-12-29,36,0.07462464410407402,0.04022478779915403,55.075824802700275,True,True,0.18257706092199455,0.25036106080364945,0.7292550220706413,-0.33512178543727034,0.5707219119279183,0.04297616468020738,-0.0007329796680384804,-0.0005690915238130145,-0.0012729264963829978,0.0014604480894239158,-0.0027713829254720768,0.031648479423866636,Hierarchical Sleeve Risk Parity
753,0.5670307045620171,0.18172940821635877,0.16221078822417323,0.25011798282036857,0.7265747395175277,-0.33485640570807584,1.567030704562017,combined_hierarchical_risk_parity,combined_hierarchical_risk_parity_naive_sentiment,Combined,hierarchical_risk_parity,naive,1.0,Naive Sentiment,full_oos,2021-01-04,2023-12-29,36,0.05837409739974103,0.024927630819102754,55.21561963088511,True,False,0.18257706092199455,0.25036106080364945,0.7292550220706413,-0.33512178543727034,0.5707219119279183,0.04297616468020738,-0.0008476527056357763,-0.0002430779832808816,-0.0026802825531135888,0.0002653797291944926,-0.003691207365901228,0.015397932719533651,Hierarchical Sleeve Risk Parity
753,0.2631257682376038,0.13895293106555612,0.08131008843204857,0.3489607129181628,0.39819075879221666,-0.5210003618413179,1.2631257682376038,combined_maximum_sharpe,combined_maximum_sharpe,Combined,maximum_sharpe,base,0.0,Base Fund,full_oos,2021-01-04,2023-12-29,36,0.15425175471607436,0.0,4.001343173858538,False,False,0.13895293106555612,0.3489607129181628,0.39819075879221666,-0.5210003618413179,0.2631257682376038,0.15425175471607436,0.0,0.0,0.0,0.0,0.0,0.0,Maximum Sharpe
753,0.27121968613228975,0.14117679120351612,0.0836239881537173,0.34919963452588554,0.4042867667808253,-0.5167496470544604,1.2712196861322898,combined_maximum_sharpe,combined_maximum_sharpe_coverage_rank_sentiment,Combined,maximum_sharpe,coverage_rank,0.25,Coverage-Aware Rank Sentiment,full_oos,2021-01-04,2023-12-29,36,0.1616868059996062,0.033681827310573696,3.7990626397060665,False,True,0.13895293106555612,0.3489607129181628,0.39819075879221666,-0.5210003618413179,0.2631257682376038,0.15425175471607436,0.0022238601379599987,0.00023892160772276405,0.006096007988608654,0.004250714786857568,0.008093917894685942,0.007435051283531835,Maximum Sharpe
753,0.2826261270980146,0.14443485110997947,0.08686829451934086,0.349968194518191,0.41270850715113166,-0.5169718995116073,1.2826261270980146,combined_maximum_sharpe,combined_maximum_sharpe_naive_sentiment,Combined,maximum_sharpe,naive,1.0,Naive Sentiment,full_oos,2021-01-04,2023-12-29,36,0.15634137085422747,0.021065518218445815,3.906563628169114,False,False,0.13895293106555612,0.3489607129181628,0.39819075879221666,-0.5210003618413179,0.2631257682376038,0.15425175471607436,0.005481920044423355,0.001007481600028226,0.014517748358915006,0.004028462329710658,0.019500358860410794,0.0020896161381531164,Maximum Sharpe
753,0.2214165037352771,0.0750616447584189,0.06922708517452691,0.1274552183582494,0.5889256299215355,-0.17995001821664847,1.221416503735277,combined_minimum_variance,combined_minimum_variance,Combined,minimum_variance,base,0.0,Base Fund,full_oos,2021-01-04,2023-12-29,36,0.030637268886555033,0.0,8.783634516752851,False,False,0.0750616447584189,0.1274552183582494,0.5889256299215355,-0.17995001821664847,0.2214165037352771,0.030637268886555033,0.0,0.0,0.0,0.0,0.0,0.0,Minimum Variance
753,0.22196919269549875,0.0752534825902005,0.0693889778342831,0.1277664730402832,0.5889924077850532,-0.18418848564175416,1.2219691926954988,combined_minimum_variance,combined_minimum_variance_coverage_rank_sentiment,Combined,minimum_variance,coverage_rank,0.25,Coverage-Aware Rank Sentiment,full_oos,2021-01-04,2023-12-29,36,0.0744692020877301,0.0492320175053492,8.727941490178663,False,True,0.0750616447584189,0.1274552183582494,0.5889256299215355,-0.17995001821664847,0.2214165037352771,0.030637268886555033,0.00019183783178160219,0.00031125468203380136,6.677786351771964e-05,-0.004238467425105696,0.0005526889602216478,0.043831933201175066,Minimum Variance
753,0.2174956009258997,0.07398550979556076,0.0680771796056312,0.1274537255700241,0.5804891890344352,-0.17972473839018477,1.2174956009258997,combined_minimum_variance,combined_minimum_variance_naive_sentiment,Combined,minimum_variance,naive,1.0,Naive Sentiment,full_oos,2021-01-04,2023-12-29,36,0.05004911715305718,0.02876075327518078,8.7524178888973,False,False,0.0750616447584189,0.1274552183582494,0.5889256299215355,-0.17995001821664847,0.2214165037352771,0.030637268886555033,-0.001076134962858133,-1.492788225310182e-06,-0.008436440887100272,0.00022527982646369793,-0.003920902809377402,0.01941184826650215,Minimum Variance
753,0.43277840057665595,0.13558671818632725,0.12789087823871492,0.17439198150177576,0.7774825253932138,-0.22384241904565572,1.432778400576656,combined_risk_parity,combined_risk_parity,Combined,risk_parity,base,0.0,Base Fund,full_oos,2021-01-04,2023-12-29,36,0.0323885400244385,0.0,52.63616346564162,False,False,0.13558671818632725,0.17439198150177576,0.7774825253932138,-0.22384241904565572,0.43277840057665595,0.0323885400244385,0.0,0.0,0.0,0.0,0.0,0.0,Risk Parity
753,0.4283456841397417,0.13441651104983102,0.12672188744283663,0.17362481638028363,0.7741779882169828,-0.21974788253624422,1.4283456841397417,combined_risk_parity,combined_risk_parity_coverage_rank_sentiment,Combined,risk_parity,coverage_rank,0.25,Coverage-Aware Rank Sentiment,full_oos,2021-01-04,2023-12-29,36,0.07258832578402408,0.04754897193551138,52.82389603486277,False,True,0.13558671818632725,0.17439198150177576,0.7774825253932138,-0.22384241904565572,0.43277840057665595,0.0323885400244385,-0.0011702071364962374,-0.000767165121492136,-0.003304537176231026,0.004094536509411495,-0.00443271643691423,0.04019978575958558,Risk Parity
753,0.4276561417878273,0.1343289087987726,0.12653982528976138,0.17405120419939735,0.771778106429428,-0.22008251088927777,1.4276561417878273,combined_risk_parity,combined_risk_parity_naive_sentiment,Combined,risk_parity,naive,1.0,Naive Sentiment,full_oos,2021-01-04,2023-12-29,36,0.05235457891621397,0.02951818432317928,53.107287148778646,False,False,0.13558671818632725,0.17439198150177576,0.7774825253932138,-0.22384241904565572,0.43277840057665595,0.0323885400244385,-0.0012578093875546537,-0.0003407773023784144,-0.005704418963785818,0.0037599081563779446,-0.00512225878882866,0.01996603889177547,Risk Parity
753,0.4272168148150326,0.13205338524492422,0.1264237978181748,0.16117980666586584,0.8192923665597749,-0.20249210152511687,1.4272168148150326,equity_equal_weight,equity_equal_weight,Equity,equal_weight,base,0.0,Base Fund,full_oos,2021-01-04,2023-12-29,36,0.027239281912380234,0.0,49.99999999999999,False,False,0.13205338524492422,0.16117980666586584,0.8192923665597749,-0.20249210152511687,0.4272168148150326,0.027239281912380234,0.0,0.0,0.0,0.0,0.0,0.0,Equal Weight
753,0.4205055630486947,0.13032178545037476,0.12464837588250521,0.16021672203863307,0.8134093856879075,-0.1965819725024216,1.4205055630486947,equity_equal_weight,equity_equal_weight_coverage_rank_sentiment,Equity,equal_weight,coverage_rank,0.25,Coverage-Aware Rank Sentiment,full_oos,2021-01-04,2023-12-29,36,0.07092121651097362,0.05249288626463889,49.00316607502638,False,True,0.13205338524492422,0.16117980666586584,0.8192923665597749,-0.20249210152511687,0.4272168148150326,0.027239281912380234,-0.0017315997945494543,-0.0009630846272327687,-0.005882980871867338,0.005910129022695276,-0.006711251766337911,0.04368193459859339,Equal Weight
753,0.4190433984667601,0.13007241995711094,0.12426082884718981,0.16081443661450226,0.8088354671099286,-0.19811552328893134,1.41904339846676,equity_equal_weight,equity_equal_weight_naive_sentiment,Equity,equal_weight,naive,1.0,Naive Sentiment,full_oos,2021-01-04,2023-12-29,36,0.048717840028014325,0.032537622271758763,49.826354024097725,False,False,0.13205338524492422,0.16117980666586584,0.8192923665597749,-0.20249210152511687,0.4272168148150326,0.027239281912380234,-0.0019809652878132744,-0.0003653700513635838,-0.01045689944984629,0.004376578236185535,-0.00817341634827251,0.02147855811563409,Equal Weight
753,0.4704461529423789,0.15695434208686387,0.13772879836512186,0.23657072666269566,0.6634563130486155,-0.37674775139463845,1.470446152942379,equity_maximum_sharpe,equity_maximum_sharpe,Equity,maximum_sharpe,base,0.0,Base Fund,full_oos,2021-01-04,2023-12-29,36,0.1362100041745999,0.0,2.948357787840269,False,False,0.15695434208686387,0.23657072666269566,0.6634563130486155,-0.37674775139463845,0.4704461529423789,0.1362100041745999,0.0,0.0,0.0,0.0,0.0,0.0,Maximum Sharpe
753,0.4830277698663299,0.16004426711464909,0.14097742314569195,0.23761522184476522,0.6735438322179819,-0.3703005444947228,1.48302776986633,equity_maximum_sharpe,equity_maximum_sharpe_coverage_rank_sentiment,Equity,maximum_sharpe,coverage_rank,0.25,Coverage-Aware Rank Sentiment,full_oos,2021-01-04,2023-12-29,36,0.14954318550605328,0.04761749109586752,2.7556398333459775,False,True,0.15695434208686387,0.23657072666269566,0.6634563130486155,-0.37674775139463845,0.4704461529423789,0.1362100041745999,0.003089925027785212,0.0010444951820695603,0.010087519169366344,0.006447206899915625,0.012581616923950989,0.013333181331453364,Maximum Sharpe
753,0.4897837008253758,0.16197207227715876,0.1427142700357107,0.2393447186502827,0.6767313404304668,-0.3709470601099728,1.4897837008253758,equity_maximum_sharpe,equity_maximum_sharpe_naive_sentiment,Equity,maximum_sharpe,naive,1.0,Naive Sentiment,full_oos,2021-01-04,2023-12-29,36,0.14095153396191262,0.031070986778268125,2.845968078867014,False,False,0.15695434208686387,0.23657072666269566,0.6634563130486155,-0.37674775139463845,0.4704461529423789,0.1362100041745999,0.005017730190294889,0.0027739919875870434,0.013275027381851268,0.005800691284665649,0.01933754788299691,0.004741529787312709,Maximum Sharpe
753,0.22141581143127986,0.07506145393719242,0.06922688235551933,0.127455210031412,0.5889241712339035,-0.17995004219487476,1.2214158114312799,equity_minimum_variance,equity_minimum_variance,Equity,minimum_variance,base,0.0,Base Fund,full_oos,2021-01-04,2023-12-29,36,0.030637311784723384,0.0,8.783634396480847,False,False,0.07506145393719242,0.127455210031412,0.5889241712339035,-0.17995004219487476,0.22141581143127986,0.030637311784723384,0.0,0.0,0.0,0.0,0.0,0.0,Minimum Variance
753,0.22196855131032,0.07525330607328921,0.06938878998912434,0.12776646691973556,0.5889910544412584,-0.18418848513086727,1.22196855131032,equity_minimum_variance,equity_minimum_variance_coverage_rank_sentiment,Equity,minimum_variance,coverage_rank,0.25,Coverage-Aware Rank Sentiment,full_oos,2021-01-04,2023-12-29,36,0.07446923836465479,0.04923201696621539,8.727943064180351,False,True,0.07506145393719242,0.127455210031412,0.5889241712339035,-0.17995004219487476,0.22141581143127986,0.030637311784723384,0.00019185213609679286,0.00031125688832356335,6.688320735492859e-05,-0.004238442935992515,0.0005527398790401428,0.0438319265799314,Minimum Variance
753,0.21749499888584878,0.07398534327426415,0.06807700285285057,0.12745371801439218,0.5804879169229858,-0.17972475034636448,1.2174949988858488,equity_minimum_variance,equity_minimum_variance_naive_sentiment,Equity,minimum_variance,naive,1.0,Naive Sentiment,full_oos,2021-01-04,2023-12-29,36,0.05004922939863866,0.028760747848302917,8.752417632673223,False,False,0.07506145393719242,0.127455210031412,0.5889241712339035,-0.17995004219487476,0.22141581143127986,0.030637311784723384,-0.001076110662928273,-1.492017019821823e-06,-0.008436254310917657,0.0002252918485102784,-0.003920812545431085,0.019411917613915274,Minimum Variance
753,0.3320494820566,0.1071020781513999,0.10070807279659144,0.14927327664524762,0.7174899657755297,-0.19395230461104163,1.3320494820566,equity_risk_parity,equity_risk_parity,Equity,risk_parity,base,0.0,Base Fund,full_oos,2021-01-04,2023-12-29,36,0.0257757933297295,0.0,45.90308251205456,False,False,0.1071020781513999,0.14927327664524762,0.7174899657755297,-0.19395230461104163,0.3320494820566,0.0257757933297295,0.0,0.0,0.0,0.0,0.0,0.0,Risk Parity
753,0.3269159927766194,0.10568977080838009,0.0992866357141462,0.14846487379853163,0.7118840174397225,-0.18934207791096225,1.3269159927766194,equity_risk_parity,equity_risk_parity_coverage_rank_sentiment,Equity,risk_parity,coverage_rank,0.25,Coverage-Aware Rank Sentiment,full_oos,2021-01-04,2023-12-29,36,0.07089044885547649,0.05227203033712316,46.17583445078179,False,True,0.1071020781513999,0.14927327664524762,0.7174899657755297,-0.19395230461104163,0.3320494820566,0.0257757933297295,-0.0014123073430198085,-0.0008084028467159887,-0.005605948335807187,0.004610226700079378,-0.005133489279980585,0.04511465552574699,Risk Parity
753,0.32644590209742064,0.10564168008309016,0.09915628725081427,0.14894042598146834,0.7092881558982143,-0.189715406415376,1.3264459020974206,equity_risk_parity,equity_risk_parity_naive_sentiment,Equity,risk_parity,naive,1.0,Naive Sentiment,full_oos,2021-01-04,2023-12-29,36,0.0484640704010598,0.032461976466318126,46.338504088984045,False,False,0.1071020781513999,0.14927327664524762,0.7174899657755297,-0.19395230461104163,0.3320494820566,0.0257757933297295,-0.0014603980683097345,-0.0003328506637792772,-0.008201809877315447,0.004236898195665639,-0.005603579959179372,0.022688277071330303,Risk Parity
250,0.24948159668218906,0.23619819231706632,0.2517099450814031,0.1526401699833346,1.54741829980178,-0.10720005169004765,1.249481596682189,combined_equal_weight,combined_equal_weight,Combined,equal_weight,base,0.0,Base Fund,locked_holdout_2023,2023-01-03,2023-12-29,12,0.030354512946464216,0.0,60.000000000000014,False,False,0.23619819231706632,0.1526401699833346,1.54741829980178,-0.10720005169004765,0.24948159668218906,0.030354512946464216,0.0,0.0,0.0,0.0,0.0,0.0,Equal Weight
250,0.25436494643447216,0.24010643065622328,0.2566412173506152,0.15247198668085657,1.5747576711176254,-0.10830405453058523,1.2543649464344722,combined_equal_weight,combined_equal_weight_coverage_rank_sentiment,Combined,equal_weight,coverage_rank,0.25,Coverage-Aware Rank Sentiment,locked_holdout_2023,2023-01-03,2023-12-29,12,0.07689574224331057,0.048165808500679884,58.99984277284528,False,True,0.23619819231706632,0.1526401699833346,1.54741829980178,-0.10720005169004765,0.24948159668218906,0.030354512946464216,0.003908238339156961,-0.00016818330247803104,0.027339371315845407,-0.0011040028405375768,0.004883349752283106,0.046541229296846356,Equal Weight
250,0.2518092181673899,0.2380685354245441,0.2540603893736988,0.15259499534317317,1.5601333116407141,-0.10743937761757816,1.2518092181673899,combined_equal_weight,combined_equal_weight_naive_sentiment,Combined,equal_weight,naive,1.0,Naive Sentiment,locked_holdout_2023,2023-01-03,2023-12-29,12,0.04795039791144708,0.02228455541114065,59.826253456137195,False,False,0.23619819231706632,0.1526401699833346,1.54741829980178,-0.10720005169004765,0.24948159668218906,0.030354512946464216,0.0018703431074777732,-4.51746401614328e-05,0.012715011838934087,-0.0002393259275305093,0.002327621485200826,0.017595884964982867,Equal Weight
250,0.24852471907981344,0.23644896938126095,0.250743695253687,0.15929280570290213,1.484366907456343,-0.10414662491674154,1.2485247190798134,combined_hierarchical_risk_parity,combined_hierarchical_risk_parity,Combined,hierarchical_risk_parity,base,0.0,Base Fund,locked_holdout_2023,2023-01-03,2023-12-29,12,0.031231004996498928,0.0,54.840810376046235,True,False,0.23644896938126095,0.15929280570290213,1.484366907456343,-0.10414662491674154,0.24852471907981344,0.031231004996498928,0.0,0.0,0.0,0.0,0.0,0.0,Hierarchical Sleeve Risk Parity
250,0.25140956600611464,0.2387523916358781,0.25365681605279167,0.15914213859546888,1.5002462185252794,-0.10595986042644434,1.2514095660061146,combined_hierarchical_risk_parity,combined_hierarchical_risk_parity_coverage_rank_sentiment,Combined,hierarchical_risk_parity,coverage_rank,0.25,Coverage-Aware Rank Sentiment,locked_holdout_2023,2023-01-03,2023-12-29,12,0.07477489944684464,0.04526030296995339,55.075824802700275,True,True,0.23644896938126095,0.15929280570290213,1.484366907456343,-0.10414662491674154,0.24852471907981344,0.031231004996498928,0.00230342225461716,-0.00015066710743324996,0.015879311068936364,-0.0018132355097028041,0.002884846926301199,0.043543894450345705,Hierarchical Sleeve Risk Parity
250,0.24929832054842027,0.2370664204173034,0.251524873374273,0.1592479456179837,1.4886623466151123,-0.10494955823655694,1.2492983205484203,combined_hierarchical_risk_parity,combined_hierarchical_risk_parity_naive_sentiment,Combined,hierarchical_risk_parity,naive,1.0,Naive Sentiment,locked_holdout_2023,2023-01-03,2023-12-29,12,0.04786083367289323,0.02114148756557281,55.21561963088511,True,False,0.23644896938126095,0.15929280570290213,1.484366907456343,-0.10414662491674154,0.24852471907981344,0.031231004996498928,0.0006174510360424379,-4.486008491844107e-05,0.0042954391587692875,-0.0008029333198154021,0.0007736014686068327,0.016629828676394304,Hierarchical Sleeve Risk Parity
250,0.30107573782474506,0.28150251383936764,0.3038180795488261,0.17991465630402087,1.5646447022286112,-0.10449136129345438,1.301075737824745,combined_maximum_sharpe,combined_maximum_sharpe,Combined,maximum_sharpe,base,0.0,Base Fund,locked_holdout_2023,2023-01-03,2023-12-29,12,0.09408698098129636,0.0,4.001343173858538,False,False,0.28150251383936764,0.17991465630402087,1.5646447022286112,-0.10449136129345438,0.30107573782474506,0.09408698098129636,0.0,0.0,0.0,0.0,0.0,0.0,Maximum Sharpe
250,0.28040893181154014,0.2654131360292755,0.2829433635905989,0.1802672682120688,1.4723312704613685,-0.10810778782951413,1.2804089318115401,combined_maximum_sharpe,combined_maximum_sharpe_coverage_rank_sentiment,Combined,maximum_sharpe,coverage_rank,0.25,Coverage-Aware Rank Sentiment,locked_holdout_2023,2023-01-03,2023-12-29,12,0.11083396470459313,0.04386678976564098,3.7990626397060665,False,True,0.28150251383936764,0.17991465630402087,1.5646447022286112,-0.10449136129345438,0.30107573782474506,0.09408698098129636,-0.01608937781009212,0.0003526119080479173,-0.09231343176724272,-0.003616426536059758,-0.02066680601320492,0.016746983723296763,Maximum Sharpe
250,0.29493278109999377,0.2770320919389916,0.29761304514636167,0.18162781195238917,1.5252735192978657,-0.1043910212839706,1.2949327810999938,combined_maximum_sharpe,combined_maximum_sharpe_naive_sentiment,Combined,maximum_sharpe,naive,1.0,Naive Sentiment,locked_holdout_2023,2023-01-03,2023-12-29,12,0.09485509854731178,0.020518343373125473,3.906563628169114,False,False,0.28150251383936764,0.17991465630402087,1.5646447022286112,-0.10449136129345438,0.30107573782474506,0.09408698098129636,-0.004470421900376054,0.0017131556483682975,-0.039371182930745485,0.00010034000948377919,-0.006142956724751292,0.0007681175660154138,Maximum Sharpe
250,0.05087643064132186,0.05602148344316331,0.05129370730355509,0.10969860307264227,0.5106854770617814,-0.08588793433473563,1.0508764306413219,combined_minimum_variance,combined_minimum_variance,Combined,minimum_variance,base,0.0,Base Fund,locked_holdout_2023,2023-01-03,2023-12-29,12,0.021877842173818232,0.0,8.783634516752851,False,False,0.05602148344316331,0.10969860307264227,0.5106854770617814,-0.08588793433473563,0.05087643064132186,0.021877842173818232,0.0,0.0,0.0,0.0,0.0,0.0,Minimum Variance
250,0.054672620262371296,0.059770870676509484,0.055121841120493675,0.11073419561899238,0.539768861302479,-0.08787473571524984,1.0546726202623713,combined_minimum_variance,combined_minimum_variance_coverage_rank_sentiment,Combined,minimum_variance,coverage_rank,0.25,Coverage-Aware Rank Sentiment,locked_holdout_2023,2023-01-03,2023-12-29,12,0.07660270052128301,0.055284414041469436,8.727941490178663,False,True,0.05602148344316331,0.10969860307264227,0.5106854770617814,-0.08588793433473563,0.05087643064132186,0.021877842173818232,0.0037493872333461756,0.0010355925463501059,0.029083384240697674,-0.0019868013805142137,0.0037961896210494395,0.05472485834746478,Minimum Variance
250,0.04898492765709084,0.05425389196389488,0.04938632895939166,0.11014206890018015,0.4925810138273709,-0.08705786447687569,1.0489849276570908,combined_minimum_variance,combined_minimum_variance_naive_sentiment,Combined,minimum_variance,naive,1.0,Naive Sentiment,locked_holdout_2023,2023-01-03,2023-12-29,12,0.04233215683130432,0.02480669385747941,8.7524178888973,False,False,0.05602148344316331,0.10969860307264227,0.5106854770617814,-0.08588793433473563,0.05087643064132186,0.021877842173818232,-0.0017675914792684294,0.00044346582753787556,-0.01810446323441045,-0.0011699301421400632,-0.0018915029842310194,0.020454314657486088,Minimum Variance
250,0.17659072903698014,0.17243871144554943,0.1781224324711974,0.13040009358142243,1.3223818074783658,-0.0980713187165051,1.1765907290369801,combined_risk_parity,combined_risk_parity,Combined,risk_parity,base,0.0,Base Fund,locked_holdout_2023,2023-01-03,2023-12-29,12,0.026132273273038256,0.0,52.63616346564162,False,False,0.17243871144554943,0.13040009358142243,1.3223818074783658,-0.0980713187165051,0.17659072903698014,0.026132273273038256,0.0,0.0,0.0,0.0,0.0,0.0,Risk Parity
250,0.1796892913847603,0.17510777516705225,0.1812498822583457,0.13053367113895906,1.341475909159423,-0.10032154989032982,1.1796892913847603,combined_risk_parity,combined_risk_parity_coverage_rank_sentiment,Combined,risk_parity,coverage_rank,0.25,Coverage-Aware Rank Sentiment,locked_holdout_2023,2023-01-03,2023-12-29,12,0.07825494989590213,0.05321615382081019,52.82389603486277,False,True,0.17243871144554943,0.13040009358142243,1.3223818074783658,-0.0980713187165051,0.17659072903698014,0.026132273273038256,0.002669063721502829,0.00013357755753662381,0.019094101681057296,-0.002250231173824724,0.003098562347780165,0.05212267662286388,Risk Parity
250,0.1773089537417447,0.1730626569662515,0.17884734721891737,0.13046719027617723,1.3264841267747607,-0.09904602883909241,1.1773089537417447,combined_risk_parity,combined_risk_parity_naive_sentiment,Combined,risk_parity,naive,1.0,Naive Sentiment,locked_holdout_2023,2023-01-03,2023-12-29,12,0.04665786383927888,0.02491618138462974,53.107287148778646,False,False,0.17243871144554943,0.13040009358142243,1.3223818074783658,-0.0980713187165051,0.17659072903698014,0.026132273273038256,0.0006239455207020794,6.709669475479796e-05,0.0041023192963949295,-0.0009747101225873189,0.0007182247047645696,0.020525590566240627,Risk Parity
250,0.1733309980747073,0.16999978021040868,0.17483238264013412,0.13315659043383085,1.276690696694327,-0.10569634529727634,1.1733309980747073,equity_equal_weight,equity_equal_weight,Equity,equal_weight,base,0.0,Base Fund,locked_holdout_2023,2023-01-03,2023-12-29,12,0.024016993453433052,0.0,49.99999999999999,False,False,0.16999978021040868,0.13315659043383085,1.276690696694327,-0.10569634529727634,0.1733309980747073,0.024016993453433052,0.0,0.0,0.0,0.0,0.0,0.0,Equal Weight
250,0.17888641841887387,0.1747944077444012,0.1804395179114766,0.1333966634343676,1.3103356804002948,-0.10703251431390903,1.1788864184188739,equity_equal_weight,equity_equal_weight_coverage_rank_sentiment,Equity,equal_weight,coverage_rank,0.25,Coverage-Aware Rank Sentiment,locked_holdout_2023,2023-01-03,2023-12-29,12,0.0806242192153592,0.05779897020081585,49.00316607502638,False,True,0.16999978021040868,0.13315659043383085,1.276690696694327,-0.10569634529727634,0.1733309980747073,0.024016993453433052,0.004794627533992513,0.00024007300053674463,0.0336449837059678,-0.0013361690166326934,0.005555420344166562,0.056607225761926144,Equal Weight
250,0.1759484165113936,0.17226417769502028,0.17747413999985895,0.13328695045990058,1.2924309326654302,-0.10599856633416194,1.1759484165113936,equity_equal_weight,equity_equal_weight_naive_sentiment,Equity,equal_weight,naive,1.0,Naive Sentiment,locked_holdout_2023,2023-01-03,2023-12-29,12,0.04624315489716956,0.026741466493368796,49.826354024097725,False,False,0.16999978021040868,0.13315659043383085,1.276690696694327,-0.10569634529727634,0.1733309980747073,0.024016993453433052,0.002264397484611602,0.00013036002606972574,0.01574023597110319,-0.0003022210368855971,0.0026174184366862807,0.02222616144373651,Equal Weight
250,0.40691504313167215,0.36337813864931484,0.41076285485557684,0.1960786183477538,1.8532267399235147,-0.12282052194626747,1.4069150431316721,equity_maximum_sharpe,equity_maximum_sharpe,Equity,maximum_sharpe,base,0.0,Base Fund,locked_holdout_2023,2023-01-03,2023-12-29,12,0.07744469872609717,0.0,2.948357787840269,False,False,0.36337813864931484,0.1960786183477538,1.8532267399235147,-0.12282052194626747,0.40691504313167215,0.07744469872609717,0.0,0.0,0.0,0.0,0.0,0.0,Maximum Sharpe
250,0.3828338520271657,0.3458639949917548,0.38642430298166497,0.19555393597420428,1.768637349428641,-0.13027397733126023,1.3828338520271657,equity_maximum_sharpe,equity_maximum_sharpe_coverage_rank_sentiment,Equity,maximum_sharpe,coverage_rank,0.25,Coverage-Aware Rank Sentiment,locked_holdout_2023,2023-01-03,2023-12-29,12,0.1007216382438166,0.053846893194471473,2.7556398333459775,False,True,0.36337813864931484,0.1960786183477538,1.8532267399235147,-0.12282052194626747,0.40691504313167215,0.07744469872609717,-0.017514143657560044,-0.0005246823735495232,-0.0845893904948738,-0.007453455384992758,-0.02408119110450646,0.02327693951771942,Maximum Sharpe
250,0.3998864736678893,0.3587169270008269,0.403658822618979,0.19811509209454103,1.8106491696737887,-0.12543405740596902,1.3998864736678893,equity_maximum_sharpe,equity_maximum_sharpe_naive_sentiment,Equity,maximum_sharpe,naive,1.0,Naive Sentiment,locked_holdout_2023,2023-01-03,2023-12-29,12,0.07842848587837163,0.025254795668504748,2.845968078867014,False,False,0.36337813864931484,0.1960786183477538,1.8532267399235147,-0.12282052194626747,0.40691504313167215,0.07744469872609717,-0.0046612116484879285,0.0020364737467872263,-0.04257757024972597,-0.0026135354597015548,-0.00702856946378283,0.0009837871522744568,Maximum Sharpe
250,0.050875793000493275,0.05602086732042012,0.051293064306384695,0.10969856267902503,0.5106800486013261,-0.08588797585129693,1.0508757930004933,equity_minimum_variance,equity_minimum_variance,Equity,minimum_variance,base,0.0,Base Fund,locked_holdout_2023,2023-01-03,2023-12-29,12,0.021877686792241596,0.0,8.783634396480847,False,False,0.05602086732042012,0.10969856267902503,0.5106800486013261,-0.08588797585129693,0.050875793000493275,0.021877686792241596,0.0,0.0,0.0,0.0,0.0,0.0,Minimum Variance
250,0.05467200981561837,0.05977028358694597,0.05512122552807819,0.11073416340185864,0.539763716550937,-0.08787490493564087,1.0546720098156184,equity_minimum_variance,equity_minimum_variance_coverage_rank_sentiment,Equity,minimum_variance,coverage_rank,0.25,Coverage-Aware Rank Sentiment,locked_holdout_2023,2023-01-03,2023-12-29,12,0.07660295945851579,0.05528439741074926,8.727943064180351,False,True,0.05602086732042012,0.10969856267902503,0.5106800486013261,-0.08588797585129693,0.050875793000493275,0.021877686792241596,0.0037494162665258485,0.00103560072283361,0.029083667949610925,-0.001986929084343947,0.0037962168151250975,0.054725272666274194,Minimum Variance
250,0.048984319222590944,0.054253303290526786,0.049385715422732845,0.11014203309764023,0.49257582926975363,-0.08705791211041869,1.048984319222591,equity_minimum_variance,equity_minimum_variance_naive_sentiment,Equity,minimum_variance,naive,1.0,Naive Sentiment,locked_holdout_2023,2023-01-03,2023-12-29,12,0.04233229308392778,0.024806693029080052,8.752417632673223,False,False,0.05602086732042012,0.10969856267902503,0.5106800486013261,-0.08588797585129693,0.050875793000493275,0.021877686792241596,-0.001767564029893337,0.0004434704186151994,-0.01810421933157247,-0.0011699362591217621,-0.0018914737779023305,0.020454606291686186,Minimum Variance
250,0.13935368661224823,0.13932531859419625,0.14054343859939533,0.12508180862931437,1.1138735530047632,-0.09783815026914133,1.1393536866122482,equity_risk_parity,equity_risk_parity,Equity,risk_parity,base,0.0,Base Fund,locked_holdout_2023,2023-01-03,2023-12-29,12,0.02291765319713279,0.0,45.90308251205456,False,False,0.13932531859419625,0.12508180862931437,1.1138735530047632,-0.09783815026914133,0.13935368661224823,0.02291765319713279,0.0,0.0,0.0,0.0,0.0,0.0,Risk Parity
250,0.14275715274858136,0.14238343335578837,0.14397775590725992,0.125492261629106,1.1345993092116264,-0.09977342579163473,1.1427571527485814,equity_risk_parity,equity_risk_parity_coverage_rank_sentiment,Equity,risk_parity,coverage_rank,0.25,Coverage-Aware Rank Sentiment,locked_holdout_2023,2023-01-03,2023-12-29,12,0.08011160746609183,0.05820869022236442,46.17583445078179,False,True,0.13932531859419625,0.12508180862931437,1.1138735530047632,-0.09783815026914133,0.13935368661224823,0.02291765319713279,0.0030581147615921234,0.00041045299979164396,0.020725756206863233,-0.001935275522493396,0.003403466136333133,0.05719395426895904,Risk Parity
250,0.1402324072253489,0.14012635742304672,0.14143011664283933,0.12527303010646657,1.1185676382534746,-0.09853055852888482,1.140232407225349,equity_risk_parity,equity_risk_parity_naive_sentiment,Equity,risk_parity,naive,1.0,Naive Sentiment,locked_holdout_2023,2023-01-03,2023-12-29,12,0.04564234296393676,0.027188876813100255,46.338504088984045,False,False,0.13932531859419625,0.12508180862931437,1.1138735530047632,-0.09783815026914133,0.13935368661224823,0.02291765319713279,0.0008010388288504644,0.00019122147715219806,0.004694085248711399,-0.0006924082597434822,0.0008787206131006808,0.02272468976680397,Risk Parity
