decision_date,effective_start_date,effective_end_date,window_start_date,window_end_date,window_observations,fund_id,universe,method,solver,one_way_turnover,largest_target_weight,effective_number_of_holdings,equity_sleeve_target_weight,crypto_sleeve_target_weight
2020-12-31,2021-01-04,2021-01-29,2020-01-03,2020-12-31,252,combined_equal_weight,Combined,equal_weight,direct,,0.016666666666666666,60.000000000000014,,
2021-01-29,2021-02-01,2021-02-26,2020-01-03,2021-01-29,271,combined_equal_weight,Combined,equal_weight,direct,0.045735461348319434,0.016666666666666666,60.000000000000014,,
2021-02-26,2021-03-01,2021-03-31,2020-01-03,2021-02-26,290,combined_equal_weight,Combined,equal_weight,direct,0.06775775218129507,0.016666666666666666,60.000000000000014,,
2021-03-31,2021-04-01,2021-04-30,2020-01-03,2021-03-31,313,combined_equal_weight,Combined,equal_weight,direct,0.03509260108878921,0.016666666666666666,60.000000000000014,,
2021-04-30,2021-05-03,2021-05-28,2020-01-03,2021-04-30,334,combined_equal_weight,Combined,equal_weight,direct,0.07475824087043025,0.016666666666666666,60.000000000000014,,
2021-05-28,2021-06-01,2021-06-30,2020-01-03,2021-05-28,354,combined_equal_weight,Combined,equal_weight,direct,0.041721742689391605,0.016666666666666666,60.000000000000014,,
2021-06-30,2021-07-01,2021-07-30,2020-01-03,2021-06-30,376,combined_equal_weight,Combined,equal_weight,direct,0.04903974259352423,0.016666666666666666,60.000000000000014,,
2021-07-30,2021-08-02,2021-08-31,2020-01-03,2021-07-30,397,combined_equal_weight,Combined,equal_weight,direct,0.02445178467116295,0.016666666666666666,60.000000000000014,,
2021-08-31,2021-09-01,2021-09-30,2020-01-03,2021-08-31,419,combined_equal_weight,Combined,equal_weight,direct,0.040609463330625886,0.016666666666666666,60.000000000000014,,
2021-09-30,2021-10-01,2021-10-29,2020-01-03,2021-09-30,440,combined_equal_weight,Combined,equal_weight,direct,0.03429572469883434,0.016666666666666666,60.000000000000014,,
2021-10-29,2021-11-01,2021-11-30,2020-01-03,2021-10-29,461,combined_equal_weight,Combined,equal_weight,direct,0.035170307554484685,0.016666666666666666,60.000000000000014,,
2021-11-30,2021-12-01,2021-12-31,2020-01-03,2021-11-30,482,combined_equal_weight,Combined,equal_weight,direct,0.03591605717422467,0.016666666666666666,60.000000000000014,,
2021-12-31,2022-01-03,2022-01-31,2020-01-03,2021-12-31,504,combined_equal_weight,Combined,equal_weight,direct,0.03913507795630392,0.016666666666666666,60.000000000000014,,
2022-01-31,2022-02-01,2022-02-28,2020-01-03,2022-01-31,524,combined_equal_weight,Combined,equal_weight,direct,0.054608127410295845,0.016666666666666666,60.000000000000014,,
2022-02-28,2022-03-01,2022-03-31,2020-01-03,2022-02-28,543,combined_equal_weight,Combined,equal_weight,direct,0.041592507234068585,0.016666666666666666,60.000000000000014,,
2022-03-31,2022-04-01,2022-04-29,2020-01-03,2022-03-31,566,combined_equal_weight,Combined,equal_weight,direct,0.03297601930324238,0.016666666666666666,60.000000000000014,,
2022-04-29,2022-05-02,2022-05-31,2020-01-03,2022-04-29,586,combined_equal_weight,Combined,equal_weight,direct,0.04480745837108994,0.016666666666666666,60.000000000000014,,
2022-05-31,2022-06-01,2022-06-30,2020-01-03,2022-05-31,607,combined_equal_weight,Combined,equal_weight,direct,0.06687277616482935,0.016666666666666666,60.000000000000014,,
2022-06-30,2022-07-01,2022-07-29,2020-01-03,2022-06-30,628,combined_equal_weight,Combined,equal_weight,direct,0.043922040067420696,0.016666666666666666,60.000000000000014,,
2022-07-29,2022-08-01,2022-08-31,2020-01-03,2022-07-29,648,combined_equal_weight,Combined,equal_weight,direct,0.03801935484948645,0.016666666666666666,60.000000000000014,,
2022-08-31,2022-09-01,2022-09-30,2020-01-03,2022-08-31,671,combined_equal_weight,Combined,equal_weight,direct,0.026334939747044622,0.016666666666666666,60.000000000000014,,
2022-09-30,2022-10-03,2022-10-31,2020-01-03,2022-09-30,692,combined_equal_weight,Combined,equal_weight,direct,0.03977352362301021,0.016666666666666666,60.000000000000014,,
2022-10-31,2022-11-01,2022-11-30,2020-01-03,2022-10-31,713,combined_equal_weight,Combined,equal_weight,direct,0.038868377968473616,0.016666666666666666,60.000000000000014,,
2022-11-30,2022-12-01,2022-12-30,2020-01-03,2022-11-30,734,combined_equal_weight,Combined,equal_weight,direct,0.03433475283210966,0.016666666666666666,60.000000000000014,,
2022-12-30,2023-01-03,2023-01-31,2020-01-03,2022-12-30,755,combined_equal_weight,Combined,equal_weight,direct,0.028707181493547028,0.016666666666666666,60.000000000000014,,
2023-01-31,2023-02-01,2023-02-28,2020-01-03,2023-01-31,775,combined_equal_weight,Combined,equal_weight,direct,0.036508992597519926,0.016666666666666666,60.000000000000014,,
2023-02-28,2023-03-01,2023-03-31,2020-01-03,2023-02-28,794,combined_equal_weight,Combined,equal_weight,direct,0.021301805022005092,0.016666666666666666,60.000000000000014,,
2023-03-31,2023-04-03,2023-04-28,2020-01-03,2023-03-31,817,combined_equal_weight,Combined,equal_weight,direct,0.03468938046122184,0.016666666666666666,60.000000000000014,,
2023-04-28,2023-05-01,2023-05-31,2020-01-03,2023-04-28,836,combined_equal_weight,Combined,equal_weight,direct,0.021714900495798207,0.016666666666666666,60.000000000000014,,
2023-05-31,2023-06-01,2023-06-30,2020-01-03,2023-05-31,858,combined_equal_weight,Combined,equal_weight,direct,0.031125691028957965,0.016666666666666666,60.000000000000014,,
2023-06-30,2023-07-03,2023-07-31,2020-01-03,2023-06-30,879,combined_equal_weight,Combined,equal_weight,direct,0.04414629574385219,0.016666666666666666,60.000000000000014,,
2023-07-31,2023-08-01,2023-08-31,2020-01-03,2023-07-31,899,combined_equal_weight,Combined,equal_weight,direct,0.030509156409318915,0.016666666666666666,60.000000000000014,,
2023-08-31,2023-09-01,2023-09-29,2020-01-03,2023-08-31,922,combined_equal_weight,Combined,equal_weight,direct,0.03277279687160014,0.016666666666666666,60.000000000000014,,
2023-09-29,2023-10-02,2023-10-31,2020-01-03,2023-09-29,942,combined_equal_weight,Combined,equal_weight,direct,0.026668034707894396,0.016666666666666666,60.000000000000014,,
2023-10-31,2023-11-01,2023-11-30,2020-01-03,2023-10-31,964,combined_equal_weight,Combined,equal_weight,direct,0.02332384128745301,0.016666666666666666,60.000000000000014,,
2023-11-30,2023-12-01,2023-12-29,2020-01-03,2023-11-30,985,combined_equal_weight,Combined,equal_weight,direct,0.032786079238401884,0.016666666666666666,60.000000000000014,,
2020-12-31,2021-01-04,2021-01-29,2020-01-03,2020-12-31,252,combined_hierarchical_risk_parity,Combined,hierarchical_risk_parity,two_stage_SLSQP_risk_contribution,,0.04047554371848664,49.991833109559,0.6993438345232195,0.3006561654767806
2021-01-29,2021-02-01,2021-02-26,2020-01-03,2021-01-29,271,combined_hierarchical_risk_parity,Combined,hierarchical_risk_parity,two_stage_SLSQP_risk_contribution,0.06773756798574569,0.03819865092140223,50.92239166334318,0.71247445533421,0.2875255446657899
2021-02-26,2021-03-01,2021-03-31,2020-01-03,2021-02-26,290,combined_hierarchical_risk_parity,Combined,hierarchical_risk_parity,two_stage_SLSQP_risk_contribution,0.0866696441173887,0.03683936915678996,51.60210917868121,0.7212704983663046,0.2787295016336954
2021-03-31,2021-04-01,2021-04-30,2020-01-03,2021-03-31,313,combined_hierarchical_risk_parity,Combined,hierarchical_risk_parity,two_stage_SLSQP_risk_contribution,0.04476620382619501,0.03643354406331206,51.86091263171544,0.7238792755819091,0.2761207244180909
2021-04-30,2021-05-03,2021-05-28,2020-01-03,2021-04-30,334,combined_hierarchical_risk_parity,Combined,hierarchical_risk_parity,two_stage_SLSQP_risk_contribution,0.10852859813686175,0.03642715481798438,52.32490175603766,0.7320757228643383,0.2679242771356617
2021-05-28,2021-06-01,2021-06-30,2020-01-03,2021-05-28,354,combined_hierarchical_risk_parity,Combined,hierarchical_risk_parity,two_stage_SLSQP_risk_contribution,0.05984740722131658,0.03555710426866339,53.62974679777941,0.7605242628444991,0.23947573715550083
2021-06-30,2021-07-01,2021-07-30,2020-01-03,2021-06-30,376,combined_hierarchical_risk_parity,Combined,hierarchical_risk_parity,two_stage_SLSQP_risk_contribution,0.05318974979336686,0.03452424458188145,53.96463774441603,0.7667533728152227,0.23324662718477723
2021-07-30,2021-08-02,2021-08-31,2020-01-03,2021-07-30,397,combined_hierarchical_risk_parity,Combined,hierarchical_risk_parity,two_stage_SLSQP_risk_contribution,0.02329720665185818,0.03413771188633001,54.02444010586117,0.7682010838231628,0.2317989161768373
2021-08-31,2021-09-01,2021-09-30,2020-01-03,2021-08-31,419,combined_hierarchical_risk_parity,Combined,hierarchical_risk_parity,two_stage_SLSQP_risk_contribution,0.05090147440731741,0.033750942156141384,54.14851423838516,0.7707848698962966,0.22921513010370342
2021-09-30,2021-10-01,2021-10-29,2020-01-03,2021-09-30,440,combined_hierarchical_risk_parity,Combined,hierarchical_risk_parity,two_stage_SLSQP_risk_contribution,0.03234385110206632,0.03300060819311812,54.33281767409861,0.7750668135103566,0.2249331864896435
2021-10-29,2021-11-01,2021-11-30,2020-01-03,2021-10-29,461,combined_hierarchical_risk_parity,Combined,hierarchical_risk_parity,two_stage_SLSQP_risk_contribution,0.03953728761369753,0.03265690958876028,54.39699868802316,0.7761131336202157,0.22388686637978436
2021-11-30,2021-12-01,2021-12-31,2020-01-03,2021-11-30,482,combined_hierarchical_risk_parity,Combined,hierarchical_risk_parity,two_stage_SLSQP_risk_contribution,0.035023914675684116,0.032398326130787664,54.435662653307546,0.7774730118171445,0.22252698818285557
2021-12-31,2022-01-03,2022-01-31,2020-01-03,2021-12-31,504,combined_hierarchical_risk_parity,Combined,hierarchical_risk_parity,two_stage_SLSQP_risk_contribution,0.04444697558077879,0.03210405777143686,54.45559030957265,0.7785617345053943,0.2214382654946056
2022-01-31,2022-02-01,2022-02-28,2020-01-03,2022-01-31,524,combined_hierarchical_risk_parity,Combined,hierarchical_risk_parity,two_stage_SLSQP_risk_contribution,0.05285640028533208,0.031908293470639046,54.500075926997134,0.7795826159381225,0.22041738406187755
2022-02-28,2022-03-01,2022-03-31,2020-01-03,2022-02-28,543,combined_hierarchical_risk_parity,Combined,hierarchical_risk_parity,two_stage_SLSQP_risk_contribution,0.04554675890092606,0.03139854756312545,54.50761901247824,0.7807118559519752,0.21928814404802482
2022-03-31,2022-04-01,2022-04-29,2020-01-03,2022-03-31,566,combined_hierarchical_risk_parity,Combined,hierarchical_risk_parity,two_stage_SLSQP_risk_contribution,0.02883409157859601,0.03124909951216487,54.46288622191214,0.7804825311913899,0.2195174688086102
2022-04-29,2022-05-02,2022-05-31,2020-01-03,2022-04-29,586,combined_hierarchical_risk_parity,Combined,hierarchical_risk_parity,two_stage_SLSQP_risk_contribution,0.0459761190249243,0.0312773339871622,54.53539763268449,0.7799691301193539,0.2200308698806462
2022-05-31,2022-06-01,2022-06-30,2020-01-03,2022-05-31,607,combined_hierarchical_risk_parity,Combined,hierarchical_risk_parity,two_stage_SLSQP_risk_contribution,0.07610829511651344,0.031178217958126638,54.529096122184896,0.7815491486135219,0.21845085138647807
2022-06-30,2022-07-01,2022-07-29,2020-01-03,2022-06-30,628,combined_hierarchical_risk_parity,Combined,hierarchical_risk_parity,two_stage_SLSQP_risk_contribution,0.04661886368910377,0.030984518577729235,54.53877474988193,0.7809841616441895,0.21901583835581062
2022-07-29,2022-08-01,2022-08-31,2020-01-03,2022-07-29,648,combined_hierarchical_risk_parity,Combined,hierarchical_risk_parity,two_stage_SLSQP_risk_contribution,0.044113636356757566,0.030764913485625947,54.561802094966104,0.7821450813398866,0.21785491866011344
2022-08-31,2022-09-01,2022-09-30,2020-01-03,2022-08-31,671,combined_hierarchical_risk_parity,Combined,hierarchical_risk_parity,two_stage_SLSQP_risk_contribution,0.025963050828081438,0.030699372092025844,54.61427146306844,0.7821137971018636,0.21788620289813648
2022-09-30,2022-10-03,2022-10-31,2020-01-03,2022-09-30,692,combined_hierarchical_risk_parity,Combined,hierarchical_risk_parity,two_stage_SLSQP_risk_contribution,0.04158474188774506,0.03086162927826062,54.67601920571358,0.7803030661001893,0.2196969338998108
2022-10-31,2022-11-01,2022-11-30,2020-01-03,2022-10-31,713,combined_hierarchical_risk_parity,Combined,hierarchical_risk_parity,two_stage_SLSQP_risk_contribution,0.03894136195309161,0.03126943120705358,54.68960383495441,0.7773530101391295,0.22264698986087045
2022-11-30,2022-12-01,2022-12-30,2020-01-03,2022-11-30,734,combined_hierarchical_risk_parity,Combined,hierarchical_risk_parity,two_stage_SLSQP_risk_contribution,0.0365605031159229,0.0310020158810312,54.75806216157826,0.7779722596005225,0.22202774039947748
2022-12-30,2023-01-03,2023-01-31,2020-01-03,2022-12-30,755,combined_hierarchical_risk_parity,Combined,hierarchical_risk_parity,two_stage_SLSQP_risk_contribution,0.02855475717656781,0.031110804594821153,54.752046627941326,0.7772858358866205,0.22271416411337946
2023-01-31,2023-02-01,2023-02-28,2020-01-03,2023-01-31,775,combined_hierarchical_risk_parity,Combined,hierarchical_risk_parity,two_stage_SLSQP_risk_contribution,0.038458089306363394,0.031114521766555815,54.76713386036413,0.7769735792218435,0.2230264207781565
2023-02-28,2023-03-01,2023-03-31,2020-01-03,2023-02-28,794,combined_hierarchical_risk_parity,Combined,hierarchical_risk_parity,two_stage_SLSQP_risk_contribution,0.021069488145575514,0.031024418517360226,54.790954301397164,0.7770626651064069,0.2229373348935932
2023-03-31,2023-04-03,2023-04-28,2020-01-03,2023-03-31,817,combined_hierarchical_risk_parity,Combined,hierarchical_risk_parity,two_stage_SLSQP_risk_contribution,0.0328306463512895,0.030921303864330018,54.785681016614866,0.7771545863188759,0.2228454136811241
2023-04-28,2023-05-01,2023-05-31,2020-01-03,2023-04-28,836,combined_hierarchical_risk_parity,Combined,hierarchical_risk_parity,two_stage_SLSQP_risk_contribution,0.02222226416018556,0.030883065257624333,54.79389182392757,0.7771262529138715,0.22287374708612853
2023-05-31,2023-06-01,2023-06-30,2020-01-03,2023-05-31,858,combined_hierarchical_risk_parity,Combined,hierarchical_risk_parity,two_stage_SLSQP_risk_contribution,0.02834068232663564,0.030916049414850984,54.76261151741125,0.7766749240891102,0.2233250759108899
2023-06-30,2023-07-03,2023-07-31,2020-01-03,2023-06-30,879,combined_hierarchical_risk_parity,Combined,hierarchical_risk_parity,two_stage_SLSQP_risk_contribution,0.05030260755020072,0.030898780780122353,54.773464471346884,0.7773119740784186,0.2226880259215815
2023-07-31,2023-08-01,2023-08-31,2020-01-03,2023-07-31,899,combined_hierarchical_risk_parity,Combined,hierarchical_risk_parity,two_stage_SLSQP_risk_contribution,0.0336224116526338,0.031056287607905016,54.797215461754945,0.7785516459643814,0.22144835403561866
2023-08-31,2023-09-01,2023-09-29,2020-01-03,2023-08-31,922,combined_hierarchical_risk_parity,Combined,hierarchical_risk_parity,two_stage_SLSQP_risk_contribution,0.0348233708321985,0.0309922781712346,54.827259340687654,0.7787668514284865,0.22123314857151358
2023-09-29,2023-10-02,2023-10-31,2020-01-03,2023-09-29,942,combined_hierarchical_risk_parity,Combined,hierarchical_risk_parity,two_stage_SLSQP_risk_contribution,0.02726613028911351,0.031029430460649744,54.8296938805426,0.7784329964491431,0.22156700355085693
2023-10-31,2023-11-01,2023-11-30,2020-01-03,2023-10-31,964,combined_hierarchical_risk_parity,Combined,hierarchical_risk_parity,two_stage_SLSQP_risk_contribution,0.024122897406112162,0.03102568681599123,54.84299913107752,0.7778895530265415,0.2221104469734586
2023-11-30,2023-12-01,2023-12-29,2020-01-03,2023-11-30,985,combined_hierarchical_risk_parity,Combined,hierarchical_risk_parity,two_stage_SLSQP_risk_contribution,0.03315871476111101,0.03101762284724893,54.840810376046235,0.7776052839188013,0.2223947160811987
2020-12-31,2021-01-04,2021-01-29,2020-01-03,2020-12-31,252,combined_maximum_sharpe,Combined,maximum_sharpe,SLSQP_multistart,,0.575838983965454,2.703180063752994,,
2021-01-29,2021-02-01,2021-02-26,2020-01-03,2021-01-29,271,combined_maximum_sharpe,Combined,maximum_sharpe,SLSQP_multistart,0.24219815401511374,0.529941160908171,2.78174906137782,,
2021-02-26,2021-03-01,2021-03-31,2020-01-03,2021-02-26,290,combined_maximum_sharpe,Combined,maximum_sharpe,SLSQP_multistart,0.260110744630016,0.4684109518668758,3.141907396580584,,
2021-03-31,2021-04-01,2021-04-30,2020-01-03,2021-03-31,313,combined_maximum_sharpe,Combined,maximum_sharpe,SLSQP_multistart,0.2587033394700557,0.4611133234309247,3.634485160638759,,
2021-04-30,2021-05-03,2021-05-28,2020-01-03,2021-04-30,334,combined_maximum_sharpe,Combined,maximum_sharpe,SLSQP_multistart,0.1127390466291541,0.3868692041940837,3.848504530352559,,
2021-05-28,2021-06-01,2021-06-30,2020-01-03,2021-05-28,354,combined_maximum_sharpe,Combined,maximum_sharpe,SLSQP_multistart,0.22932239655075498,0.29587921114789106,5.1977369598852565,,
2021-06-30,2021-07-01,2021-07-30,2020-01-03,2021-06-30,376,combined_maximum_sharpe,Combined,maximum_sharpe,SLSQP_multistart,0.23490930314809566,0.28634195432421516,5.365592258709962,,
2021-07-30,2021-08-02,2021-08-31,2020-01-03,2021-07-30,397,combined_maximum_sharpe,Combined,maximum_sharpe,SLSQP_multistart,0.14283460591972713,0.26973638692265933,5.798784196961694,,
2021-08-31,2021-09-01,2021-09-30,2020-01-03,2021-08-31,419,combined_maximum_sharpe,Combined,maximum_sharpe,SLSQP_multistart,0.12384099270088528,0.30746753856675174,4.991767422458501,,
2021-09-30,2021-10-01,2021-10-29,2020-01-03,2021-09-30,440,combined_maximum_sharpe,Combined,maximum_sharpe,SLSQP_multistart,0.1024689948488451,0.35258281160232985,4.186487307337908,,
2021-10-29,2021-11-01,2021-11-30,2020-01-03,2021-10-29,461,combined_maximum_sharpe,Combined,maximum_sharpe,SLSQP_multistart,0.11996894787833474,0.30392769430008937,4.57972539317098,,
2021-11-30,2021-12-01,2021-12-31,2020-01-03,2021-11-30,482,combined_maximum_sharpe,Combined,maximum_sharpe,SLSQP_multistart,0.20175329035305628,0.4714826889962878,3.548908120811124,,
2021-12-31,2022-01-03,2022-01-31,2020-01-03,2021-12-31,504,combined_maximum_sharpe,Combined,maximum_sharpe,SLSQP_multistart,0.2187094444656673,0.30005455964077876,5.160520236148516,,
2022-01-31,2022-02-01,2022-02-28,2020-01-03,2022-01-31,524,combined_maximum_sharpe,Combined,maximum_sharpe,SLSQP_multistart,0.1659970603093212,0.23635824020245447,6.189489958048346,,
2022-02-28,2022-03-01,2022-03-31,2020-01-03,2022-02-28,543,combined_maximum_sharpe,Combined,maximum_sharpe,SLSQP_multistart,0.16969389346829505,0.17221951931608143,7.691124704802978,,
2022-03-31,2022-04-01,2022-04-29,2020-01-03,2022-03-31,566,combined_maximum_sharpe,Combined,maximum_sharpe,SLSQP_multistart,0.11005817638319096,0.1995058101507905,7.018482104155323,,
2022-04-29,2022-05-02,2022-05-31,2020-01-03,2022-04-29,586,combined_maximum_sharpe,Combined,maximum_sharpe,SLSQP_multistart,0.12960935767979193,0.20216609826041193,6.634461034126896,,
2022-05-31,2022-06-01,2022-06-30,2020-01-03,2022-05-31,607,combined_maximum_sharpe,Combined,maximum_sharpe,SLSQP_multistart,0.22509362983073783,0.29107610937337697,6.280164557063006,,
2022-06-30,2022-07-01,2022-07-29,2020-01-03,2022-06-30,628,combined_maximum_sharpe,Combined,maximum_sharpe,SLSQP_multistart,0.2102388717455136,0.418785824556269,4.40600150638684,,
2022-07-29,2022-08-01,2022-08-31,2020-01-03,2022-07-29,648,combined_maximum_sharpe,Combined,maximum_sharpe,SLSQP_multistart,0.3100195090298825,0.3069301663415229,5.808592206724099,,
2022-08-31,2022-09-01,2022-09-30,2020-01-03,2022-08-31,671,combined_maximum_sharpe,Combined,maximum_sharpe,SLSQP_multistart,0.15824038952848418,0.24522041874174483,6.1395285236931585,,
2022-09-30,2022-10-03,2022-10-31,2020-01-03,2022-09-30,692,combined_maximum_sharpe,Combined,maximum_sharpe,SLSQP_multistart,0.17837604457989012,0.3746217639251033,4.824216480646347,,
2022-10-31,2022-11-01,2022-11-30,2020-01-03,2022-10-31,713,combined_maximum_sharpe,Combined,maximum_sharpe,SLSQP_multistart,0.14174389686409847,0.3746612147678323,4.933137705056696,,
2022-11-30,2022-12-01,2022-12-30,2020-01-03,2022-11-30,734,combined_maximum_sharpe,Combined,maximum_sharpe,SLSQP_multistart,0.22313755325813475,0.4304570575413328,4.202033863140864,,
2022-12-30,2023-01-03,2023-01-31,2020-01-03,2022-12-30,755,combined_maximum_sharpe,Combined,maximum_sharpe,SLSQP_multistart,0.08093002748470196,0.49917760179351406,3.4015017248511423,,
2023-01-31,2023-02-01,2023-02-28,2020-01-03,2023-01-31,775,combined_maximum_sharpe,Combined,maximum_sharpe,SLSQP_multistart,0.16958446581745862,0.3490625224185502,4.90927672974789,,
2023-02-28,2023-03-01,2023-03-31,2020-01-03,2023-02-28,794,combined_maximum_sharpe,Combined,maximum_sharpe,SLSQP_multistart,0.11529829729232811,0.41688794015687247,3.7973036860650944,,
2023-03-31,2023-04-03,2023-04-28,2020-01-03,2023-03-31,817,combined_maximum_sharpe,Combined,maximum_sharpe,SLSQP_multistart,0.08416142617478643,0.4225979259928879,3.9047207585142902,,
2023-04-28,2023-05-01,2023-05-31,2020-01-03,2023-04-28,836,combined_maximum_sharpe,Combined,maximum_sharpe,SLSQP_multistart,0.08267498744673742,0.3766130870444336,4.480023273990455,,
2023-05-31,2023-06-01,2023-06-30,2020-01-03,2023-05-31,858,combined_maximum_sharpe,Combined,maximum_sharpe,SLSQP_multistart,0.10927532314616621,0.34345148937609066,3.91873398560382,,
2023-06-30,2023-07-03,2023-07-31,2020-01-03,2023-06-30,879,combined_maximum_sharpe,Combined,maximum_sharpe,SLSQP_multistart,0.10115489975650409,0.3476507474968202,4.090830641428574,,
2023-07-31,2023-08-01,2023-08-31,2020-01-03,2023-07-31,899,combined_maximum_sharpe,Combined,maximum_sharpe,SLSQP_multistart,0.12278150269307746,0.34821124059298175,3.746871125637934,,
2023-08-31,2023-09-01,2023-09-29,2020-01-03,2023-08-31,922,combined_maximum_sharpe,Combined,maximum_sharpe,SLSQP_multistart,0.02620745154762124,0.34565686453597827,3.653722301490086,,
2023-09-29,2023-10-02,2023-10-31,2020-01-03,2023-09-29,942,combined_maximum_sharpe,Combined,maximum_sharpe,SLSQP_multistart,0.06063902908146354,0.3535447629900649,3.9618766512891526,,
2023-10-31,2023-11-01,2023-11-30,2020-01-03,2023-10-31,964,combined_maximum_sharpe,Combined,maximum_sharpe,SLSQP_multistart,0.11160065784944186,0.3287799683367648,4.300764091709242,,
2023-11-30,2023-12-01,2023-12-29,2020-01-03,2023-11-30,985,combined_maximum_sharpe,Combined,maximum_sharpe,SLSQP_multistart,0.06473570348526927,0.32147779356405687,4.001343173858538,,
2020-12-31,2021-01-04,2021-01-29,2020-01-03,2020-12-31,252,combined_minimum_variance,Combined,minimum_variance,SLSQP,,0.23105019410841462,7.290277706567927,,
2021-01-29,2021-02-01,2021-02-26,2020-01-03,2021-01-29,271,combined_minimum_variance,Combined,minimum_variance,SLSQP,0.05839539859346201,0.22558786644632317,7.47339473733602,,
2021-02-26,2021-03-01,2021-03-31,2020-01-03,2021-02-26,290,combined_minimum_variance,Combined,minimum_variance,SLSQP,0.017122919476549547,0.21841211685664513,7.550519434402306,,
2021-03-31,2021-04-01,2021-04-30,2020-01-03,2021-03-31,313,combined_minimum_variance,Combined,minimum_variance,SLSQP,0.02328264969818003,0.22034060669561298,7.638142328354571,,
2021-04-30,2021-05-03,2021-05-28,2020-01-03,2021-04-30,334,combined_minimum_variance,Combined,minimum_variance,SLSQP,0.021683844992677555,0.22036471659971,7.755060650805965,,
2021-05-28,2021-06-01,2021-06-30,2020-01-03,2021-05-28,354,combined_minimum_variance,Combined,minimum_variance,SLSQP,0.031806458191199746,0.2174283216007527,7.933163681573134,,
2021-06-30,2021-07-01,2021-07-30,2020-01-03,2021-06-30,376,combined_minimum_variance,Combined,minimum_variance,SLSQP,0.021779086192560613,0.21392259739194958,7.961984930237433,,
2021-07-30,2021-08-02,2021-08-31,2020-01-03,2021-07-30,397,combined_minimum_variance,Combined,minimum_variance,SLSQP,0.015626806912025216,0.21661554053733284,7.987918947709814,,
2021-08-31,2021-09-01,2021-09-30,2020-01-03,2021-08-31,419,combined_minimum_variance,Combined,minimum_variance,SLSQP,0.02123245308627826,0.21554277955638804,8.04477659309977,,
2021-09-30,2021-10-01,2021-10-29,2020-01-03,2021-09-30,440,combined_minimum_variance,Combined,minimum_variance,SLSQP,0.018324819276947523,0.21907194307567704,8.166536385749385,,
2021-10-29,2021-11-01,2021-11-30,2020-01-03,2021-10-29,461,combined_minimum_variance,Combined,minimum_variance,SLSQP,0.04517343267679629,0.22074309812230214,8.16806693508141,,
2021-11-30,2021-12-01,2021-12-31,2020-01-03,2021-11-30,482,combined_minimum_variance,Combined,minimum_variance,SLSQP,0.021598128852240245,0.2218611704395743,8.124098491577397,,
2021-12-31,2022-01-03,2022-01-31,2020-01-03,2021-12-31,504,combined_minimum_variance,Combined,minimum_variance,SLSQP,0.04273357280851529,0.2177556056980538,8.295979408331432,,
2022-01-31,2022-02-01,2022-02-28,2020-01-03,2022-01-31,524,combined_minimum_variance,Combined,minimum_variance,SLSQP,0.015495818219611804,0.21491860851999797,8.339424074297806,,
2022-02-28,2022-03-01,2022-03-31,2020-01-03,2022-02-28,543,combined_minimum_variance,Combined,minimum_variance,SLSQP,0.036592471077911845,0.2166367628738527,8.456033543462734,,
2022-03-31,2022-04-01,2022-04-29,2020-01-03,2022-03-31,566,combined_minimum_variance,Combined,minimum_variance,SLSQP,0.037737884553694145,0.21514126448963206,8.43727879526455,,
2022-04-29,2022-05-02,2022-05-31,2020-01-03,2022-04-29,586,combined_minimum_variance,Combined,minimum_variance,SLSQP,0.0426766945832166,0.21459368237683435,8.558980257271022,,
2022-05-31,2022-06-01,2022-06-30,2020-01-03,2022-05-31,607,combined_minimum_variance,Combined,minimum_variance,SLSQP,0.06137114619369696,0.18735016937726554,8.874191405284675,,
2022-06-30,2022-07-01,2022-07-29,2020-01-03,2022-06-30,628,combined_minimum_variance,Combined,minimum_variance,SLSQP,0.04745157461159558,0.18946632872297994,8.866351914405028,,
2022-07-29,2022-08-01,2022-08-31,2020-01-03,2022-07-29,648,combined_minimum_variance,Combined,minimum_variance,SLSQP,0.04258785925098297,0.18916736425603778,8.835665002016746,,
2022-08-31,2022-09-01,2022-09-30,2020-01-03,2022-08-31,671,combined_minimum_variance,Combined,minimum_variance,SLSQP,0.043549675323945686,0.18458644183326556,9.064861191968115,,
2022-09-30,2022-10-03,2022-10-31,2020-01-03,2022-09-30,692,combined_minimum_variance,Combined,minimum_variance,SLSQP,0.04353692206754989,0.1894892573645407,9.011311529338071,,
2022-10-31,2022-11-01,2022-11-30,2020-01-03,2022-10-31,713,combined_minimum_variance,Combined,minimum_variance,SLSQP,0.05856569057694605,0.19251688926095226,8.887910504776263,,
2022-11-30,2022-12-01,2022-12-30,2020-01-03,2022-11-30,734,combined_minimum_variance,Combined,minimum_variance,SLSQP,0.0414449977270237,0.19627707453785237,8.716395868420664,,
2022-12-30,2023-01-03,2023-01-31,2020-01-03,2022-12-30,755,combined_minimum_variance,Combined,minimum_variance,SLSQP,0.016227009593592523,0.19631288408190514,8.69125828739707,,
2023-01-31,2023-02-01,2023-02-28,2020-01-03,2023-01-31,775,combined_minimum_variance,Combined,minimum_variance,SLSQP,0.02893021712694491,0.19379114781262854,8.745271214341336,,
2023-02-28,2023-03-01,2023-03-31,2020-01-03,2023-02-28,794,combined_minimum_variance,Combined,minimum_variance,SLSQP,0.029299367097016908,0.19259450551725277,8.8675308270978,,
2023-03-31,2023-04-03,2023-04-28,2020-01-03,2023-03-31,817,combined_minimum_variance,Combined,minimum_variance,SLSQP,0.02349133664120248,0.19471046195597794,8.839927346221366,,
2023-04-28,2023-05-01,2023-05-31,2020-01-03,2023-04-28,836,combined_minimum_variance,Combined,minimum_variance,SLSQP,0.01978579059463973,0.19629655523881887,8.838621995096853,,
2023-05-31,2023-06-01,2023-06-30,2020-01-03,2023-05-31,858,combined_minimum_variance,Combined,minimum_variance,SLSQP,0.018980926462543533,0.1965582880189144,8.780488775669806,,
2023-06-30,2023-07-03,2023-07-31,2020-01-03,2023-06-30,879,combined_minimum_variance,Combined,minimum_variance,SLSQP,0.021377524899568123,0.1976381090325714,8.852145893233793,,
2023-07-31,2023-08-01,2023-08-31,2020-01-03,2023-07-31,899,combined_minimum_variance,Combined,minimum_variance,SLSQP,0.02218520716854724,0.19786616083956127,8.873681236648709,,
2023-08-31,2023-09-01,2023-09-29,2020-01-03,2023-08-31,922,combined_minimum_variance,Combined,minimum_variance,SLSQP,0.02300916770015868,0.19880937279322325,8.844847259002396,,
2023-09-29,2023-10-02,2023-10-31,2020-01-03,2023-09-29,942,combined_minimum_variance,Combined,minimum_variance,SLSQP,0.013262806111429897,0.19985964860923963,8.815500488883947,,
2023-10-31,2023-11-01,2023-11-30,2020-01-03,2023-10-31,964,combined_minimum_variance,Combined,minimum_variance,SLSQP,0.01741842079439913,0.2037036869204767,8.719128713673179,,
2023-11-30,2023-12-01,2023-12-29,2020-01-03,2023-11-30,985,combined_minimum_variance,Combined,minimum_variance,SLSQP,0.028566331895775596,0.19860662222987155,8.783634516752851,,
2020-12-31,2021-01-04,2021-01-29,2020-01-03,2020-12-31,252,combined_risk_parity,Combined,risk_parity,SLSQP_risk_contribution,,0.03501711669852296,53.872579570271014,,
2021-01-29,2021-02-01,2021-02-26,2020-01-03,2021-01-29,271,combined_risk_parity,Combined,risk_parity,SLSQP_risk_contribution,0.04181913764712041,0.03406185721769677,53.699190295362925,,
2021-02-26,2021-03-01,2021-03-31,2020-01-03,2021-02-26,290,combined_risk_parity,Combined,risk_parity,SLSQP_risk_contribution,0.06276625061940197,0.033874497923592144,53.59158279269041,,
2021-03-31,2021-04-01,2021-04-30,2020-01-03,2021-03-31,313,combined_risk_parity,Combined,risk_parity,SLSQP_risk_contribution,0.03033769110543321,0.03355426618943906,53.63942988995606,,
2021-04-30,2021-05-03,2021-05-28,2020-01-03,2021-04-30,334,combined_risk_parity,Combined,risk_parity,SLSQP_risk_contribution,0.058207236353628844,0.03301922066516959,53.5640816438747,,
2021-05-28,2021-06-01,2021-06-30,2020-01-03,2021-05-28,354,combined_risk_parity,Combined,risk_parity,SLSQP_risk_contribution,0.035466801811120025,0.032812854174894025,52.96322909013719,,
2021-06-30,2021-07-01,2021-07-30,2020-01-03,2021-06-30,376,combined_risk_parity,Combined,risk_parity,SLSQP_risk_contribution,0.034648271608425665,0.03274236738412502,52.928180170730386,,
2021-07-30,2021-08-02,2021-08-31,2020-01-03,2021-07-30,397,combined_risk_parity,Combined,risk_parity,SLSQP_risk_contribution,0.02077634940260413,0.03278642864071921,52.86390375674549,,
2021-08-31,2021-09-01,2021-09-30,2020-01-03,2021-08-31,419,combined_risk_parity,Combined,risk_parity,SLSQP_risk_contribution,0.029837653083314073,0.032865295854962166,52.81022909150286,,
2021-09-30,2021-10-01,2021-10-29,2020-01-03,2021-09-30,440,combined_risk_parity,Combined,risk_parity,SLSQP_risk_contribution,0.023648948126208935,0.03286903316345331,52.71174045055201,,
2021-10-29,2021-11-01,2021-11-30,2020-01-03,2021-10-29,461,combined_risk_parity,Combined,risk_parity,SLSQP_risk_contribution,0.03474509477465657,0.03289623540697458,52.66892537059232,,
2021-11-30,2021-12-01,2021-12-31,2020-01-03,2021-11-30,482,combined_risk_parity,Combined,risk_parity,SLSQP_risk_contribution,0.03208963115973356,0.03302053303343582,52.61445689230357,,
2021-12-31,2022-01-03,2022-01-31,2020-01-03,2021-12-31,504,combined_risk_parity,Combined,risk_parity,SLSQP_risk_contribution,0.030006726392239343,0.033278702710336984,52.50238835317119,,
2022-01-31,2022-02-01,2022-02-28,2020-01-03,2022-01-31,524,combined_risk_parity,Combined,risk_parity,SLSQP_risk_contribution,0.04023978383421955,0.03321387715732765,52.44229501032923,,
2022-02-28,2022-03-01,2022-03-31,2020-01-03,2022-02-28,543,combined_risk_parity,Combined,risk_parity,SLSQP_risk_contribution,0.03471202114360228,0.03368154090978701,52.29908124517583,,
2022-03-31,2022-04-01,2022-04-29,2020-01-03,2022-03-31,566,combined_risk_parity,Combined,risk_parity,SLSQP_risk_contribution,0.028272741795401735,0.0347813988993073,52.21669629102571,,
2022-04-29,2022-05-02,2022-05-31,2020-01-03,2022-04-29,586,combined_risk_parity,Combined,risk_parity,SLSQP_risk_contribution,0.03800775500423826,0.03426140187977409,52.30647803922876,,
2022-05-31,2022-06-01,2022-06-30,2020-01-03,2022-05-31,607,combined_risk_parity,Combined,risk_parity,SLSQP_risk_contribution,0.04664225456917666,0.0336431375615878,52.124695761540934,,
2022-06-30,2022-07-01,2022-07-29,2020-01-03,2022-06-30,628,combined_risk_parity,Combined,risk_parity,SLSQP_risk_contribution,0.037885581039605924,0.03378504816263749,52.06861489244477,,
2022-07-29,2022-08-01,2022-08-31,2020-01-03,2022-07-29,648,combined_risk_parity,Combined,risk_parity,SLSQP_risk_contribution,0.03601368890530948,0.033571680567998426,52.034230058955615,,
2022-08-31,2022-09-01,2022-09-30,2020-01-03,2022-08-31,671,combined_risk_parity,Combined,risk_parity,SLSQP_risk_contribution,0.022078463791932342,0.033288113200235114,52.07886161191315,,
2022-09-30,2022-10-03,2022-10-31,2020-01-03,2022-09-30,692,combined_risk_parity,Combined,risk_parity,SLSQP_risk_contribution,0.03440689594945842,0.032558771395834414,52.274687130019366,,
2022-10-31,2022-11-01,2022-11-30,2020-01-03,2022-10-31,713,combined_risk_parity,Combined,risk_parity,SLSQP_risk_contribution,0.03633992037088868,0.032072285038062705,52.50429160920035,,
2022-11-30,2022-12-01,2022-12-30,2020-01-03,2022-11-30,734,combined_risk_parity,Combined,risk_parity,SLSQP_risk_contribution,0.031062723091168483,0.03217273595826587,52.473126309184714,,
2022-12-30,2023-01-03,2023-01-31,2020-01-03,2022-12-30,755,combined_risk_parity,Combined,risk_parity,SLSQP_risk_contribution,0.023333098060897058,0.031962963334583115,52.51074880577718,,
2023-01-31,2023-02-01,2023-02-28,2020-01-03,2023-01-31,775,combined_risk_parity,Combined,risk_parity,SLSQP_risk_contribution,0.03533370555358514,0.03190852970356265,52.53191436388504,,
2023-02-28,2023-03-01,2023-03-31,2020-01-03,2023-02-28,794,combined_risk_parity,Combined,risk_parity,SLSQP_risk_contribution,0.019882697886835925,0.03201013527313351,52.54294107398403,,
2023-03-31,2023-04-03,2023-04-28,2020-01-03,2023-03-31,817,combined_risk_parity,Combined,risk_parity,SLSQP_risk_contribution,0.0276330391505603,0.0319772668998295,52.52643420864765,,
2023-04-28,2023-05-01,2023-05-31,2020-01-03,2023-04-28,836,combined_risk_parity,Combined,risk_parity,SLSQP_risk_contribution,0.02054790563925217,0.03202423656787279,52.54193272085035,,
2023-05-31,2023-06-01,2023-06-30,2020-01-03,2023-05-31,858,combined_risk_parity,Combined,risk_parity,SLSQP_risk_contribution,0.027390555327644433,0.03208766222095947,52.53358376163744,,
2023-06-30,2023-07-03,2023-07-31,2020-01-03,2023-06-30,879,combined_risk_parity,Combined,risk_parity,SLSQP_risk_contribution,0.03009020140124785,0.03213658522444317,52.5241295568625,,
2023-07-31,2023-08-01,2023-08-31,2020-01-03,2023-07-31,899,combined_risk_parity,Combined,risk_parity,SLSQP_risk_contribution,0.02586514434750252,0.03225598303801187,52.49707236862869,,
2023-08-31,2023-09-01,2023-09-29,2020-01-03,2023-08-31,922,combined_risk_parity,Combined,risk_parity,SLSQP_risk_contribution,0.02706719799617981,0.032234215935596916,52.518893041492554,,
2023-09-29,2023-10-02,2023-10-31,2020-01-03,2023-09-29,942,combined_risk_parity,Combined,risk_parity,SLSQP_risk_contribution,0.02236378118791325,0.032244852858071014,52.544338274592604,,
2023-10-31,2023-11-01,2023-11-30,2020-01-03,2023-10-31,964,combined_risk_parity,Combined,risk_parity,SLSQP_risk_contribution,0.023124262496376786,0.032357446131791694,52.60320473415097,,
2023-11-30,2023-12-01,2023-12-29,2020-01-03,2023-11-30,985,combined_risk_parity,Combined,risk_parity,SLSQP_risk_contribution,0.030955690228463832,0.03244660050999839,52.63616346564162,,
2020-12-31,2021-01-01,2021-01-31,2020-01-02,2020-12-31,365,crypto_equal_weight,Crypto,equal_weight,direct,,0.1,9.999999999999996,,
2021-01-31,2021-02-01,2021-02-28,2020-01-02,2021-01-31,396,crypto_equal_weight,Crypto,equal_weight,direct,0.1443455128724216,0.1,9.999999999999996,,
2021-02-28,2021-03-01,2021-03-31,2020-01-02,2021-02-28,424,crypto_equal_weight,Crypto,equal_weight,direct,0.15533662429037423,0.1,9.999999999999996,,
2021-03-31,2021-04-01,2021-04-30,2020-01-02,2021-03-31,455,crypto_equal_weight,Crypto,equal_weight,direct,0.07270729548497028,0.1,9.999999999999996,,
2021-04-30,2021-05-01,2021-05-31,2020-01-02,2021-04-30,485,crypto_equal_weight,Crypto,equal_weight,direct,0.144162226528111,0.1,9.999999999999996,,
2021-05-31,2021-06-01,2021-06-30,2020-01-02,2021-05-31,516,crypto_equal_weight,Crypto,equal_weight,direct,0.16360572693964287,0.1,9.999999999999996,,
2021-06-30,2021-07-01,2021-07-31,2020-01-02,2021-06-30,546,crypto_equal_weight,Crypto,equal_weight,direct,0.04903731964210506,0.1,9.999999999999996,,
2021-07-31,2021-08-01,2021-08-31,2020-01-02,2021-07-31,577,crypto_equal_weight,Crypto,equal_weight,direct,0.031834343635401136,0.1,9.999999999999996,,
2021-08-31,2021-09-01,2021-09-30,2020-01-02,2021-08-31,608,crypto_equal_weight,Crypto,equal_weight,direct,0.07355296539279194,0.1,9.999999999999996,,
2021-09-30,2021-10-01,2021-10-31,2020-01-02,2021-09-30,638,crypto_equal_weight,Crypto,equal_weight,direct,0.04128786692208689,0.1,9.999999999999996,,
2021-10-31,2021-11-01,2021-11-30,2020-01-02,2021-10-31,669,crypto_equal_weight,Crypto,equal_weight,direct,0.04512425976376995,0.1,9.999999999999996,,
2021-11-30,2021-12-01,2021-12-31,2020-01-02,2021-11-30,699,crypto_equal_weight,Crypto,equal_weight,direct,0.03570105123091291,0.1,9.999999999999996,,
2021-12-31,2022-01-01,2022-01-31,2020-01-02,2021-12-31,730,crypto_equal_weight,Crypto,equal_weight,direct,0.02441094978075995,0.1,9.999999999999996,,
2022-01-31,2022-02-01,2022-02-28,2020-01-02,2022-01-31,761,crypto_equal_weight,Crypto,equal_weight,direct,0.02102647982226584,0.1,9.999999999999996,,
2022-02-28,2022-03-01,2022-03-31,2020-01-02,2022-02-28,789,crypto_equal_weight,Crypto,equal_weight,direct,0.04051822865186431,0.1,9.999999999999996,,
2022-03-31,2022-04-01,2022-04-30,2020-01-02,2022-03-31,820,crypto_equal_weight,Crypto,equal_weight,direct,0.04004075397274757,0.1,9.999999999999996,,
2022-04-30,2022-05-01,2022-05-31,2020-01-02,2022-04-30,850,crypto_equal_weight,Crypto,equal_weight,direct,0.04440722090590186,0.1,9.999999999999996,,
2022-05-31,2022-06-01,2022-06-30,2020-01-02,2022-05-31,881,crypto_equal_weight,Crypto,equal_weight,direct,0.07635119632023682,0.1,9.999999999999996,,
2022-06-30,2022-07-01,2022-07-31,2020-01-02,2022-06-30,911,crypto_equal_weight,Crypto,equal_weight,direct,0.062260904092131156,0.1,9.999999999999996,,
2022-07-31,2022-08-01,2022-08-31,2020-01-02,2022-07-31,942,crypto_equal_weight,Crypto,equal_weight,direct,0.10515057503004752,0.1,9.999999999999996,,
2022-08-31,2022-09-01,2022-09-30,2020-01-02,2022-08-31,973,crypto_equal_weight,Crypto,equal_weight,direct,0.021219935025505156,0.1,9.999999999999996,,
2022-09-30,2022-10-01,2022-10-31,2020-01-02,2022-09-30,1003,crypto_equal_weight,Crypto,equal_weight,direct,0.057718278624622144,0.1,9.999999999999996,,
2022-10-31,2022-11-01,2022-11-30,2020-01-02,2022-10-31,1034,crypto_equal_weight,Crypto,equal_weight,direct,0.030994651938395193,0.1,9.999999999999996,,
2022-11-30,2022-12-01,2022-12-31,2020-01-02,2022-11-30,1064,crypto_equal_weight,Crypto,equal_weight,direct,0.06706297554845737,0.1,9.999999999999996,,
2022-12-31,2023-01-01,2023-01-31,2020-01-02,2022-12-31,1095,crypto_equal_weight,Crypto,equal_weight,direct,0.03730462590512456,0.1,9.999999999999996,,
2023-01-31,2023-02-01,2023-02-28,2020-01-02,2023-01-31,1126,crypto_equal_weight,Crypto,equal_weight,direct,0.034601917224557785,0.1,9.999999999999996,,
2023-02-28,2023-03-01,2023-03-31,2020-01-02,2023-02-28,1154,crypto_equal_weight,Crypto,equal_weight,direct,0.02330339261562521,0.1,9.999999999999996,,
2023-03-31,2023-04-01,2023-04-30,2020-01-02,2023-03-31,1185,crypto_equal_weight,Crypto,equal_weight,direct,0.0596507208568145,0.1,9.999999999999996,,
2023-04-30,2023-05-01,2023-05-31,2020-01-02,2023-04-30,1215,crypto_equal_weight,Crypto,equal_weight,direct,0.031202949289222327,0.1,9.999999999999996,,
2023-05-31,2023-06-01,2023-06-30,2020-01-02,2023-05-31,1246,crypto_equal_weight,Crypto,equal_weight,direct,0.030471567941276263,0.1,9.999999999999996,,
2023-06-30,2023-07-01,2023-07-31,2020-01-02,2023-06-30,1276,crypto_equal_weight,Crypto,equal_weight,direct,0.125876656683004,0.1,9.999999999999996,,
2023-07-31,2023-08-01,2023-08-31,2020-01-02,2023-07-31,1307,crypto_equal_weight,Crypto,equal_weight,direct,0.07575423527195266,0.1,9.999999999999996,,
2023-08-31,2023-09-01,2023-09-30,2020-01-02,2023-08-31,1338,crypto_equal_weight,Crypto,equal_weight,direct,0.03875494386228859,0.1,9.999999999999996,,
2023-09-30,2023-10-01,2023-10-31,2020-01-02,2023-09-30,1368,crypto_equal_weight,Crypto,equal_weight,direct,0.021186353438420992,0.1,9.999999999999996,,
2023-10-31,2023-11-01,2023-11-30,2020-01-02,2023-10-31,1399,crypto_equal_weight,Crypto,equal_weight,direct,0.024196764756997544,0.1,9.999999999999996,,
2023-11-30,2023-12-01,2023-12-31,2020-01-02,2023-11-30,1429,crypto_equal_weight,Crypto,equal_weight,direct,0.03213161530738908,0.1,9.999999999999996,,
2020-12-31,2021-01-01,2021-01-31,2020-01-02,2020-12-31,365,crypto_maximum_sharpe,Crypto,maximum_sharpe,SLSQP_multistart,,0.5244761708560991,2.458020723145047,,
2021-01-31,2021-02-01,2021-02-28,2020-01-02,2021-01-31,396,crypto_maximum_sharpe,Crypto,maximum_sharpe,SLSQP_multistart,0.279317428304577,0.6042410281799493,2.328078327662814,,
2021-02-28,2021-03-01,2021-03-31,2020-01-02,2021-02-28,424,crypto_maximum_sharpe,Crypto,maximum_sharpe,SLSQP_multistart,0.4253105983321787,0.6562829503694223,1.821995681980346,,
2021-03-31,2021-04-01,2021-04-30,2020-01-02,2021-03-31,455,crypto_maximum_sharpe,Crypto,maximum_sharpe,SLSQP_multistart,0.13027237445388454,0.46276211932375844,2.52053864772459,,
2021-04-30,2021-05-01,2021-05-31,2020-01-02,2021-04-30,485,crypto_maximum_sharpe,Crypto,maximum_sharpe,SLSQP_multistart,0.29289383118492945,0.4198401429337064,2.8519800380034748,,
2021-05-31,2021-06-01,2021-06-30,2020-01-02,2021-05-31,516,crypto_maximum_sharpe,Crypto,maximum_sharpe,SLSQP_multistart,0.13037901322918158,0.5510423808004024,2.284860898689306,,
2021-06-30,2021-07-01,2021-07-31,2020-01-02,2021-06-30,546,crypto_maximum_sharpe,Crypto,maximum_sharpe,SLSQP_multistart,0.02892609746154777,0.5676841468468123,2.232446012768554,,
2021-07-31,2021-08-01,2021-08-31,2020-01-02,2021-07-31,577,crypto_maximum_sharpe,Crypto,maximum_sharpe,SLSQP_multistart,0.041083536644249165,0.53256155517966,2.156832831077707,,
2021-08-31,2021-09-01,2021-09-30,2020-01-02,2021-08-31,608,crypto_maximum_sharpe,Crypto,maximum_sharpe,SLSQP_multistart,0.04194237087350724,0.6215977975467943,1.9124988144181427,,
2021-09-30,2021-10-01,2021-10-31,2020-01-02,2021-09-30,638,crypto_maximum_sharpe,Crypto,maximum_sharpe,SLSQP_multistart,0.021943455137775417,0.6118775474798862,1.9046415631220353,,
2021-10-31,2021-11-01,2021-11-30,2020-01-02,2021-10-31,669,crypto_maximum_sharpe,Crypto,maximum_sharpe,SLSQP_multistart,0.029668758924961916,0.5233552935532573,1.9956457425669625,,
2021-11-30,2021-12-01,2021-12-31,2020-01-02,2021-11-30,699,crypto_maximum_sharpe,Crypto,maximum_sharpe,SLSQP_multistart,0.005256301540701532,0.6050534670596557,1.9154429183913744,,
2021-12-31,2022-01-01,2022-01-31,2020-01-02,2021-12-31,730,crypto_maximum_sharpe,Crypto,maximum_sharpe,SLSQP_multistart,0.00571326047903656,0.5853939956045527,1.9433163046363837,,
2022-01-31,2022-02-01,2022-02-28,2020-01-02,2022-01-31,761,crypto_maximum_sharpe,Crypto,maximum_sharpe,SLSQP_multistart,0.01949980492176075,0.5425376944032909,1.9856283756942432,,
2022-02-28,2022-03-01,2022-03-31,2020-01-02,2022-02-28,789,crypto_maximum_sharpe,Crypto,maximum_sharpe,SLSQP_multistart,0.005095253604878263,0.590488695866078,1.9365718189277101,,
2022-03-31,2022-04-01,2022-04-30,2020-01-02,2022-03-31,820,crypto_maximum_sharpe,Crypto,maximum_sharpe,SLSQP_multistart,0.0040493936762389625,0.5788681871683057,1.9575714335336079,,
2022-04-30,2022-05-01,2022-05-31,2020-01-02,2022-04-30,850,crypto_maximum_sharpe,Crypto,maximum_sharpe,SLSQP_multistart,0.004804623786445126,0.6381116359019754,1.8582191846120952,,
2022-05-31,2022-06-01,2022-06-30,2020-01-02,2022-05-31,881,crypto_maximum_sharpe,Crypto,maximum_sharpe,SLSQP_multistart,0.027870725390119182,0.5750023546353878,1.9947744848494897,,
2022-06-30,2022-07-01,2022-07-31,2020-01-02,2022-06-30,911,crypto_maximum_sharpe,Crypto,maximum_sharpe,SLSQP_multistart,0.14379111895142013,0.5403293985120777,2.320029423104322,,
2022-07-31,2022-08-01,2022-08-31,2020-01-02,2022-07-31,942,crypto_maximum_sharpe,Crypto,maximum_sharpe,SLSQP_multistart,0.15269057325861607,0.4811362834097301,2.4450378709324214,,
2022-08-31,2022-09-01,2022-09-30,2020-01-02,2022-08-31,973,crypto_maximum_sharpe,Crypto,maximum_sharpe,SLSQP_multistart,0.003561903238227599,0.49446714605926684,2.422685086288091,,
2022-09-30,2022-10-01,2022-10-31,2020-01-02,2022-09-30,1003,crypto_maximum_sharpe,Crypto,maximum_sharpe,SLSQP_multistart,0.03832300333368971,0.4483711799107992,2.51039817783009,,
2022-10-31,2022-11-01,2022-11-30,2020-01-02,2022-10-31,1034,crypto_maximum_sharpe,Crypto,maximum_sharpe,SLSQP_multistart,0.08606909514183729,0.5681346515668073,2.1521737717896747,,
2022-11-30,2022-12-01,2022-12-31,2020-01-02,2022-11-30,1064,crypto_maximum_sharpe,Crypto,maximum_sharpe,SLSQP_multistart,0.018027909263027834,0.5593803637881154,2.219802635800639,,
2022-12-31,2023-01-01,2023-01-31,2020-01-02,2022-12-31,1095,crypto_maximum_sharpe,Crypto,maximum_sharpe,SLSQP_multistart,0.06394863807666341,0.6100257717066867,2.1345209115654584,,
2023-01-31,2023-02-01,2023-02-28,2020-01-02,2023-01-31,1126,crypto_maximum_sharpe,Crypto,maximum_sharpe,SLSQP_multistart,0.037902379929623156,0.5903411455717523,2.0559429971105296,,
2023-02-28,2023-03-01,2023-03-31,2020-01-02,2023-02-28,1154,crypto_maximum_sharpe,Crypto,maximum_sharpe,SLSQP_multistart,0.04484892555316406,0.5971345923558098,2.161965091717494,,
2023-03-31,2023-04-01,2023-04-30,2020-01-02,2023-03-31,1185,crypto_maximum_sharpe,Crypto,maximum_sharpe,SLSQP_multistart,0.04702414923437577,0.6414859816342795,1.9209816490513139,,
2023-04-30,2023-05-01,2023-05-31,2020-01-02,2023-04-30,1215,crypto_maximum_sharpe,Crypto,maximum_sharpe,SLSQP_multistart,0.007895929539334223,0.6469661053042651,1.9252379643577504,,
2023-05-31,2023-06-01,2023-06-30,2020-01-02,2023-05-31,1246,crypto_maximum_sharpe,Crypto,maximum_sharpe,SLSQP_multistart,0.04730481086647001,0.6291558599828279,2.071354374132291,,
2023-06-30,2023-07-01,2023-07-31,2020-01-02,2023-06-30,1276,crypto_maximum_sharpe,Crypto,maximum_sharpe,SLSQP_multistart,0.050962976099678446,0.7108342595048237,1.8219694690206716,,
2023-07-31,2023-08-01,2023-08-31,2020-01-02,2023-07-31,1307,crypto_maximum_sharpe,Crypto,maximum_sharpe,SLSQP_multistart,0.03355127447669663,0.6580771517830949,2.0491850320378453,,
2023-08-31,2023-09-01,2023-09-30,2020-01-02,2023-08-31,1338,crypto_maximum_sharpe,Crypto,maximum_sharpe,SLSQP_multistart,0.033462320974830484,0.6584294084239993,2.032968949536013,,
2023-09-30,2023-10-01,2023-10-31,2020-01-02,2023-09-30,1368,crypto_maximum_sharpe,Crypto,maximum_sharpe,SLSQP_multistart,0.033290100519646086,0.6270977823835605,2.1504690064478083,,
2023-10-31,2023-11-01,2023-11-30,2020-01-02,2023-10-31,1399,crypto_maximum_sharpe,Crypto,maximum_sharpe,SLSQP_multistart,0.015086983082518666,0.6050767928078646,2.245245089079674,,
2023-11-30,2023-12-01,2023-12-31,2020-01-02,2023-11-30,1429,crypto_maximum_sharpe,Crypto,maximum_sharpe,SLSQP_multistart,0.027696410427751512,0.5806493082797201,2.3510721365816214,,
2020-12-31,2021-01-01,2021-01-31,2020-01-02,2020-12-31,365,crypto_minimum_variance,Crypto,minimum_variance,SLSQP,,0.9053457244484795,1.2133156768665878,,
2021-01-31,2021-02-01,2021-02-28,2020-01-02,2021-01-31,396,crypto_minimum_variance,Crypto,minimum_variance,SLSQP,0.06858604578196331,0.8397914791146306,1.3862240968697874,,
2021-02-28,2021-03-01,2021-03-31,2020-01-02,2021-02-28,424,crypto_minimum_variance,Crypto,minimum_variance,SLSQP,0.044230545845481264,0.8479133832091478,1.3686018872010597,,
2021-03-31,2021-04-01,2021-04-30,2020-01-02,2021-03-31,455,crypto_minimum_variance,Crypto,minimum_variance,SLSQP,0.05264528505662785,0.8485444581287184,1.367015226733106,,
2021-04-30,2021-05-01,2021-05-31,2020-01-02,2021-04-30,485,crypto_minimum_variance,Crypto,minimum_variance,SLSQP,0.20935086580716603,0.8919625695306699,1.250781780156322,,
2021-05-31,2021-06-01,2021-06-30,2020-01-02,2021-05-31,516,crypto_minimum_variance,Crypto,minimum_variance,SLSQP,0.1469753871452897,0.9794087755093018,1.0420296967109357,,
2021-06-30,2021-07-01,2021-07-31,2020-01-02,2021-06-30,546,crypto_minimum_variance,Crypto,minimum_variance,SLSQP,0.007132353594558935,0.9779747561058502,1.0451911292974816,,
2021-07-31,2021-08-01,2021-08-31,2020-01-02,2021-07-31,577,crypto_minimum_variance,Crypto,minimum_variance,SLSQP,0.007703974468005171,0.9730578012549141,1.055713026229666,,
2021-08-31,2021-09-01,2021-09-30,2020-01-02,2021-08-31,608,crypto_minimum_variance,Crypto,minimum_variance,SLSQP,0.012536291715575102,0.9717747593987969,1.0584634352962086,,
2021-09-30,2021-10-01,2021-10-31,2020-01-02,2021-09-30,638,crypto_minimum_variance,Crypto,minimum_variance,SLSQP,0.016638998497575858,0.9884213185674149,1.0234869285929473,,
2021-10-31,2021-11-01,2021-11-30,2020-01-02,2021-10-31,669,crypto_minimum_variance,Crypto,minimum_variance,SLSQP,0.017208951079572078,0.9731979362819619,1.0554151237965543,,
2021-11-30,2021-12-01,2021-12-31,2020-01-02,2021-11-30,699,crypto_minimum_variance,Crypto,minimum_variance,SLSQP,0.0017031774729375942,0.9741194078629488,1.05345770898659,,
2021-12-31,2022-01-01,2022-01-31,2020-01-02,2021-12-31,730,crypto_minimum_variance,Crypto,minimum_variance,SLSQP,0.004387854548185001,0.9713205383684029,1.0594110539272317,,
2022-01-31,2022-02-01,2022-02-28,2020-01-02,2022-01-31,761,crypto_minimum_variance,Crypto,minimum_variance,SLSQP,0.0020513960904137564,0.9720439506649537,1.05782472381966,,
2022-02-28,2022-03-01,2022-03-31,2020-01-02,2022-02-28,789,crypto_minimum_variance,Crypto,minimum_variance,SLSQP,0.01729307500899753,0.9607307324194094,1.0818849476149999,,
2022-03-31,2022-04-01,2022-04-30,2020-01-02,2022-03-31,820,crypto_minimum_variance,Crypto,minimum_variance,SLSQP,0.009043169208066035,0.9470810379584198,1.1118280950702746,,
2022-04-30,2022-05-01,2022-05-31,2020-01-02,2022-04-30,850,crypto_minimum_variance,Crypto,minimum_variance,SLSQP,0.001374577746168689,0.9476709101679455,1.1103172232937784,,
2022-05-31,2022-06-01,2022-06-30,2020-01-02,2022-05-31,881,crypto_minimum_variance,Crypto,minimum_variance,SLSQP,0.03220089148972177,0.9525738819672777,1.0993284631094864,,
2022-06-30,2022-07-01,2022-07-31,2020-01-02,2022-06-30,911,crypto_minimum_variance,Crypto,minimum_variance,SLSQP,0.0021647877154562963,0.9398677256160872,1.1274373661560537,,
2022-07-31,2022-08-01,2022-08-31,2020-01-02,2022-07-31,942,crypto_minimum_variance,Crypto,minimum_variance,SLSQP,0.01497793060389169,0.9304259108601336,1.1487216234288238,,
2022-08-31,2022-09-01,2022-09-30,2020-01-02,2022-08-31,973,crypto_minimum_variance,Crypto,minimum_variance,SLSQP,0.0003099877433833006,0.9255754063845002,1.1597848952465488,,
2022-09-30,2022-10-01,2022-10-31,2020-01-02,2022-09-30,1003,crypto_minimum_variance,Crypto,minimum_variance,SLSQP,0.010206786968346827,0.9158606017453185,1.1822006729387,,
2022-10-31,2022-11-01,2022-11-30,2020-01-02,2022-10-31,1034,crypto_minimum_variance,Crypto,minimum_variance,SLSQP,0.004060627999295735,0.9130551679007464,1.1887367523765604,,
2022-11-30,2022-12-01,2022-12-31,2020-01-02,2022-11-30,1064,crypto_minimum_variance,Crypto,minimum_variance,SLSQP,0.007301341765203417,0.9033736054814671,1.211503666559314,,
2022-12-31,2023-01-01,2023-01-31,2020-01-02,2022-12-31,1095,crypto_minimum_variance,Crypto,minimum_variance,SLSQP,0.0024467955273179695,0.9027618304589243,1.2129531007158854,,
2023-01-31,2023-02-01,2023-02-28,2020-01-02,2023-01-31,1126,crypto_minimum_variance,Crypto,minimum_variance,SLSQP,0.01952056328145197,0.8996489666392266,1.2203476971368608,,
2023-02-28,2023-03-01,2023-03-31,2020-01-02,2023-02-28,1154,crypto_minimum_variance,Crypto,minimum_variance,SLSQP,0.008710899608996325,0.8986470942473453,1.2227345307988788,,
2023-03-31,2023-04-01,2023-04-30,2020-01-02,2023-03-31,1185,crypto_minimum_variance,Crypto,minimum_variance,SLSQP,0.023378366691598065,0.8964484783305147,1.2279840994432885,,
2023-04-30,2023-05-01,2023-05-31,2020-01-02,2023-04-30,1215,crypto_minimum_variance,Crypto,minimum_variance,SLSQP,0.004596529155051885,0.891981287018276,1.2386989488556284,,
2023-05-31,2023-06-01,2023-06-30,2020-01-02,2023-05-31,1246,crypto_minimum_variance,Crypto,minimum_variance,SLSQP,0.01594649031186359,0.8888763106763863,1.2461842306013662,,
2023-06-30,2023-07-01,2023-07-31,2020-01-02,2023-06-30,1276,crypto_minimum_variance,Crypto,minimum_variance,SLSQP,0.013393105168311638,0.8850614141151909,1.2554225067608753,,
2023-07-31,2023-08-01,2023-08-31,2020-01-02,2023-07-31,1307,crypto_minimum_variance,Crypto,minimum_variance,SLSQP,0.006610317119012299,0.8849169264027086,1.255773291403723,,
2023-08-31,2023-09-01,2023-09-30,2020-01-02,2023-08-31,1338,crypto_minimum_variance,Crypto,minimum_variance,SLSQP,0.0063728916211284225,0.8803320025567304,1.2669375867069907,,
2023-09-30,2023-10-01,2023-10-31,2020-01-02,2023-09-30,1368,crypto_minimum_variance,Crypto,minimum_variance,SLSQP,0.01110344071127339,0.8798330998280806,1.2681562445513213,,
2023-10-31,2023-11-01,2023-11-30,2020-01-02,2023-10-31,1399,crypto_minimum_variance,Crypto,minimum_variance,SLSQP,0.021903296775941935,0.873821547027117,1.2828981625306217,,
2023-11-30,2023-12-01,2023-12-31,2020-01-02,2023-11-30,1429,crypto_minimum_variance,Crypto,minimum_variance,SLSQP,0.0031708548379792752,0.8729440423053908,1.285058785224766,,
2020-12-31,2021-01-01,2021-01-31,2020-01-02,2020-12-31,365,crypto_risk_parity,Crypto,risk_parity,SLSQP_risk_contribution,,0.1399619232116138,9.808867861668132,,
2021-01-31,2021-02-01,2021-02-28,2020-01-02,2021-01-31,396,crypto_risk_parity,Crypto,risk_parity,SLSQP_risk_contribution,0.15151785655760214,0.14082389920099006,9.77693307029309,,
2021-02-28,2021-03-01,2021-03-31,2020-01-02,2021-02-28,424,crypto_risk_parity,Crypto,risk_parity,SLSQP_risk_contribution,0.13944970317411762,0.14135933061001973,9.785872856522834,,
2021-03-31,2021-04-01,2021-04-30,2020-01-02,2021-03-31,455,crypto_risk_parity,Crypto,risk_parity,SLSQP_risk_contribution,0.07252509141185426,0.14061197023007432,9.7977868618908,,
2021-04-30,2021-05-01,2021-05-31,2020-01-02,2021-04-30,485,crypto_risk_parity,Crypto,risk_parity,SLSQP_risk_contribution,0.15328594860204828,0.14467179297594485,9.75346102280275,,
2021-05-31,2021-06-01,2021-06-30,2020-01-02,2021-05-31,516,crypto_risk_parity,Crypto,risk_parity,SLSQP_risk_contribution,0.17433330358642002,0.1541612191756466,9.638794040349087,,
2021-06-30,2021-07-01,2021-07-31,2020-01-02,2021-06-30,546,crypto_risk_parity,Crypto,risk_parity,SLSQP_risk_contribution,0.052105275306874504,0.1525998779786138,9.656261413261998,,
2021-07-31,2021-08-01,2021-08-31,2020-01-02,2021-07-31,577,crypto_risk_parity,Crypto,risk_parity,SLSQP_risk_contribution,0.03649288040258632,0.1517640859786868,9.66714617040644,,
2021-08-31,2021-09-01,2021-09-30,2020-01-02,2021-08-31,608,crypto_risk_parity,Crypto,risk_parity,SLSQP_risk_contribution,0.07461704158609084,0.15182987587025742,9.66589893734337,,
2021-09-30,2021-10-01,2021-10-31,2020-01-02,2021-09-30,638,crypto_risk_parity,Crypto,risk_parity,SLSQP_risk_contribution,0.04418858768644123,0.15127798805432474,9.674499733948267,,
2021-10-31,2021-11-01,2021-11-30,2020-01-02,2021-10-31,669,crypto_risk_parity,Crypto,risk_parity,SLSQP_risk_contribution,0.04919054061138877,0.1506211490853429,9.681430099751612,,
2021-11-30,2021-12-01,2021-12-31,2020-01-02,2021-11-30,699,crypto_risk_parity,Crypto,risk_parity,SLSQP_risk_contribution,0.0360767742838613,0.15020610309937316,9.687409920640226,,
2021-12-31,2022-01-01,2022-01-31,2020-01-02,2021-12-31,730,crypto_risk_parity,Crypto,risk_parity,SLSQP_risk_contribution,0.024459194547231257,0.1495050764488529,9.693789908857518,,
2022-01-31,2022-02-01,2022-02-28,2020-01-02,2022-01-31,761,crypto_risk_parity,Crypto,risk_parity,SLSQP_risk_contribution,0.022856085321336032,0.1492761248014166,9.698821973248565,,
2022-02-28,2022-03-01,2022-03-31,2020-01-02,2022-02-28,789,crypto_risk_parity,Crypto,risk_parity,SLSQP_risk_contribution,0.039951529495913594,0.1476968806883339,9.715826287700168,,
2022-03-31,2022-04-01,2022-04-30,2020-01-02,2022-03-31,820,crypto_risk_parity,Crypto,risk_parity,SLSQP_risk_contribution,0.03876145875612834,0.146901848632835,9.722364508938908,,
2022-04-30,2022-05-01,2022-05-31,2020-01-02,2022-04-30,850,crypto_risk_parity,Crypto,risk_parity,SLSQP_risk_contribution,0.04495810538489415,0.14678959670350517,9.72171763705449,,
2022-05-31,2022-06-01,2022-06-30,2020-01-02,2022-05-31,881,crypto_risk_parity,Crypto,risk_parity,SLSQP_risk_contribution,0.07394632141452946,0.1469041154377659,9.722248568994713,,
2022-06-30,2022-07-01,2022-07-31,2020-01-02,2022-06-30,911,crypto_risk_parity,Crypto,risk_parity,SLSQP_risk_contribution,0.06026116259254239,0.1453669270796362,9.739434576444719,,
2022-07-31,2022-08-01,2022-08-31,2020-01-02,2022-07-31,942,crypto_risk_parity,Crypto,risk_parity,SLSQP_risk_contribution,0.10440098946436879,0.14506211682187808,9.739881432809424,,
2022-08-31,2022-09-01,2022-09-30,2020-01-02,2022-08-31,973,crypto_risk_parity,Crypto,risk_parity,SLSQP_risk_contribution,0.0206061447365027,0.1447440643686289,9.74157231444,,
2022-09-30,2022-10-01,2022-10-31,2020-01-02,2022-09-30,1003,crypto_risk_parity,Crypto,risk_parity,SLSQP_risk_contribution,0.054882806782726806,0.1444934575999833,9.74067308758675,,
2022-10-31,2022-11-01,2022-11-30,2020-01-02,2022-10-31,1034,crypto_risk_parity,Crypto,risk_parity,SLSQP_risk_contribution,0.03119054152698511,0.14446864207670085,9.740406353377349,,
2022-11-30,2022-12-01,2022-12-31,2020-01-02,2022-11-30,1064,crypto_risk_parity,Crypto,risk_parity,SLSQP_risk_contribution,0.06560880080393053,0.1437017240768389,9.746354946136204,,
2022-12-31,2023-01-01,2023-01-31,2020-01-02,2022-12-31,1095,crypto_risk_parity,Crypto,risk_parity,SLSQP_risk_contribution,0.03769847584788559,0.14375561660930386,9.745342512985822,,
2023-01-31,2023-02-01,2023-02-28,2020-01-02,2023-01-31,1126,crypto_risk_parity,Crypto,risk_parity,SLSQP_risk_contribution,0.035030304583964465,0.14351267017426597,9.746988163747384,,
2023-02-28,2023-03-01,2023-03-31,2020-01-02,2023-02-28,1154,crypto_risk_parity,Crypto,risk_parity,SLSQP_risk_contribution,0.02284514157225103,0.14316822362382647,9.750234784930415,,
2023-03-31,2023-04-01,2023-04-30,2020-01-02,2023-03-31,1185,crypto_risk_parity,Crypto,risk_parity,SLSQP_risk_contribution,0.05917781187730779,0.14260167207019284,9.756253717277604,,
2023-04-30,2023-05-01,2023-05-31,2020-01-02,2023-04-30,1215,crypto_risk_parity,Crypto,risk_parity,SLSQP_risk_contribution,0.03137461797488533,0.14243247109755036,9.757261865732968,,
2023-05-31,2023-06-01,2023-06-30,2020-01-02,2023-05-31,1246,crypto_risk_parity,Crypto,risk_parity,SLSQP_risk_contribution,0.030519899529574603,0.1422436718131165,9.758717559100928,,
2023-06-30,2023-07-01,2023-07-31,2020-01-02,2023-06-30,1276,crypto_risk_parity,Crypto,risk_parity,SLSQP_risk_contribution,0.11985113119031023,0.14264883963382644,9.750577638059614,,
2023-07-31,2023-08-01,2023-08-31,2020-01-02,2023-07-31,1307,crypto_risk_parity,Crypto,risk_parity,SLSQP_risk_contribution,0.07873258320335837,0.14389245608933723,9.734692503842776,,
2023-08-31,2023-09-01,2023-09-30,2020-01-02,2023-08-31,1338,crypto_risk_parity,Crypto,risk_parity,SLSQP_risk_contribution,0.03860738226720231,0.143759434853677,9.734026515230008,,
2023-09-30,2023-10-01,2023-10-31,2020-01-02,2023-09-30,1368,crypto_risk_parity,Crypto,risk_parity,SLSQP_risk_contribution,0.021012474669352722,0.14373059755495743,9.734192510697097,,
2023-10-31,2023-11-01,2023-11-30,2020-01-02,2023-10-31,1399,crypto_risk_parity,Crypto,risk_parity,SLSQP_risk_contribution,0.027943091776413867,0.1433747309325098,9.737167826784445,,
2023-11-30,2023-12-01,2023-12-31,2020-01-02,2023-11-30,1429,crypto_risk_parity,Crypto,risk_parity,SLSQP_risk_contribution,0.030967886023859102,0.14318363726020358,9.739270454809244,,
2020-12-31,2021-01-04,2021-01-29,2020-01-03,2020-12-31,252,equity_equal_weight,Equity,equal_weight,direct,,0.02,49.99999999999999,,
2021-01-29,2021-02-01,2021-02-26,2020-01-03,2021-01-29,271,equity_equal_weight,Equity,equal_weight,direct,0.025333838004933648,0.02,49.99999999999999,,
2021-02-26,2021-03-01,2021-03-31,2020-01-03,2021-02-26,290,equity_equal_weight,Equity,equal_weight,direct,0.048080909566088764,0.02,49.99999999999999,,
2021-03-31,2021-04-01,2021-04-30,2020-01-03,2021-03-31,313,equity_equal_weight,Equity,equal_weight,direct,0.02334629231451527,0.02,49.99999999999999,,
2021-04-30,2021-05-03,2021-05-28,2020-01-03,2021-04-30,334,equity_equal_weight,Equity,equal_weight,direct,0.021274224268830265,0.02,49.99999999999999,,
2021-05-28,2021-06-01,2021-06-30,2020-01-03,2021-05-28,354,equity_equal_weight,Equity,equal_weight,direct,0.02092425387593157,0.02,49.99999999999999,,
2021-06-30,2021-07-01,2021-07-30,2020-01-03,2021-06-30,376,equity_equal_weight,Equity,equal_weight,direct,0.02667405773322292,0.02,49.99999999999999,,
2021-07-30,2021-08-02,2021-08-31,2020-01-03,2021-07-30,397,equity_equal_weight,Equity,equal_weight,direct,0.022290182207067667,0.02,49.99999999999999,,
2021-08-31,2021-09-01,2021-09-30,2020-01-03,2021-08-31,419,equity_equal_weight,Equity,equal_weight,direct,0.018564143772417666,0.02,49.99999999999999,,
2021-09-30,2021-10-01,2021-10-29,2020-01-03,2021-09-30,440,equity_equal_weight,Equity,equal_weight,direct,0.024861097677564545,0.02,49.99999999999999,,
2021-10-29,2021-11-01,2021-11-30,2020-01-03,2021-10-29,461,equity_equal_weight,Equity,equal_weight,direct,0.030892860165321348,0.02,49.99999999999999,,
2021-11-30,2021-12-01,2021-12-31,2020-01-03,2021-11-30,482,equity_equal_weight,Equity,equal_weight,direct,0.03273590616817381,0.02,49.99999999999999,,
2021-12-31,2022-01-03,2022-01-31,2020-01-03,2021-12-31,504,equity_equal_weight,Equity,equal_weight,direct,0.02248303226210189,0.02,49.99999999999999,,
2022-01-31,2022-02-01,2022-02-28,2020-01-03,2022-01-31,524,equity_equal_weight,Equity,equal_weight,direct,0.040883125538087,0.02,49.99999999999999,,
2022-02-28,2022-03-01,2022-03-31,2020-01-03,2022-02-28,543,equity_equal_weight,Equity,equal_weight,direct,0.028415889189891498,0.02,49.99999999999999,,
2022-03-31,2022-04-01,2022-04-29,2020-01-03,2022-03-31,566,equity_equal_weight,Equity,equal_weight,direct,0.033484632764041726,0.02,49.99999999999999,,
2022-04-29,2022-05-02,2022-05-31,2020-01-03,2022-04-29,586,equity_equal_weight,Equity,equal_weight,direct,0.03601126689734692,0.02,49.99999999999999,,
2022-05-31,2022-06-01,2022-06-30,2020-01-03,2022-05-31,607,equity_equal_weight,Equity,equal_weight,direct,0.029982873992492786,0.02,49.99999999999999,,
2022-06-30,2022-07-01,2022-07-29,2020-01-03,2022-06-30,628,equity_equal_weight,Equity,equal_weight,direct,0.035731082777456694,0.02,49.99999999999999,,
2022-07-29,2022-08-01,2022-08-31,2020-01-03,2022-07-29,648,equity_equal_weight,Equity,equal_weight,direct,0.02794730272923226,0.02,49.99999999999999,,
2022-08-31,2022-09-01,2022-09-30,2020-01-03,2022-08-31,671,equity_equal_weight,Equity,equal_weight,direct,0.021912206328306094,0.02,49.99999999999999,,
2022-09-30,2022-10-03,2022-10-31,2020-01-03,2022-09-30,692,equity_equal_weight,Equity,equal_weight,direct,0.02885178076375974,0.02,49.99999999999999,,
2022-10-31,2022-11-01,2022-11-30,2020-01-03,2022-10-31,713,equity_equal_weight,Equity,equal_weight,direct,0.035976418248330554,0.02,49.99999999999999,,
2022-11-30,2022-12-01,2022-12-30,2020-01-03,2022-11-30,734,equity_equal_weight,Equity,equal_weight,direct,0.028513568246996975,0.02,49.99999999999999,,
2022-12-30,2023-01-03,2023-01-31,2020-01-03,2022-12-30,755,equity_equal_weight,Equity,equal_weight,direct,0.022242937945455458,0.02,49.99999999999999,,
2023-01-31,2023-02-01,2023-02-28,2020-01-03,2023-01-31,775,equity_equal_weight,Equity,equal_weight,direct,0.03226719250383653,0.02,49.99999999999999,,
2023-02-28,2023-03-01,2023-03-31,2020-01-03,2023-02-28,794,equity_equal_weight,Equity,equal_weight,direct,0.02025530215394363,0.02,49.99999999999999,,
2023-03-31,2023-04-03,2023-04-28,2020-01-03,2023-03-31,817,equity_equal_weight,Equity,equal_weight,direct,0.028673054808548763,0.02,49.99999999999999,,
2023-04-28,2023-05-01,2023-05-31,2020-01-03,2023-04-28,836,equity_equal_weight,Equity,equal_weight,direct,0.019335278615591082,0.02,49.99999999999999,,
2023-05-31,2023-06-01,2023-06-30,2020-01-03,2023-05-31,858,equity_equal_weight,Equity,equal_weight,direct,0.031073954582808167,0.02,49.99999999999999,,
2023-06-30,2023-07-03,2023-07-31,2020-01-03,2023-06-30,879,equity_equal_weight,Equity,equal_weight,direct,0.019012056781482843,0.02,49.99999999999999,,
2023-07-31,2023-08-01,2023-08-31,2020-01-03,2023-07-31,899,equity_equal_weight,Equity,equal_weight,direct,0.02208908893646035,0.02,49.99999999999999,,
2023-08-31,2023-09-01,2023-09-29,2020-01-03,2023-08-31,922,equity_equal_weight,Equity,equal_weight,direct,0.021630116488075425,0.02,49.99999999999999,,
2023-09-29,2023-10-02,2023-10-31,2020-01-03,2023-09-29,942,equity_equal_weight,Equity,equal_weight,direct,0.019764388141731093,0.02,49.99999999999999,,
2023-10-31,2023-11-01,2023-11-30,2020-01-03,2023-10-31,964,equity_equal_weight,Equity,equal_weight,direct,0.022386155925351224,0.02,49.99999999999999,,
2023-11-30,2023-12-01,2023-12-29,2020-01-03,2023-11-30,985,equity_equal_weight,Equity,equal_weight,direct,0.029474394557912058,0.02,49.99999999999999,,
2020-12-31,2021-01-04,2021-01-29,2020-01-03,2020-12-31,252,equity_maximum_sharpe,Equity,maximum_sharpe,SLSQP_multistart,,0.29116878409399743,4.563903831707117,,
2021-01-29,2021-02-01,2021-02-26,2020-01-03,2021-01-29,271,equity_maximum_sharpe,Equity,maximum_sharpe,SLSQP_multistart,0.2412082243390585,0.273099956423432,4.8923881030964615,,
2021-02-26,2021-03-01,2021-03-31,2020-01-03,2021-02-26,290,equity_maximum_sharpe,Equity,maximum_sharpe,SLSQP_multistart,0.41587946150417615,0.49297845484937064,3.112002543087492,,
2021-03-31,2021-04-01,2021-04-30,2020-01-03,2021-03-31,313,equity_maximum_sharpe,Equity,maximum_sharpe,SLSQP_multistart,0.30568646258151866,0.3067185491135889,4.528253847053266,,
2021-04-30,2021-05-03,2021-05-28,2020-01-03,2021-04-30,334,equity_maximum_sharpe,Equity,maximum_sharpe,SLSQP_multistart,0.20136729770276848,0.3267898555165419,4.18830840195728,,
2021-05-28,2021-06-01,2021-06-30,2020-01-03,2021-05-28,354,equity_maximum_sharpe,Equity,maximum_sharpe,SLSQP_multistart,0.18724367857380442,0.28468333649457556,4.445018895632782,,
2021-06-30,2021-07-01,2021-07-30,2020-01-03,2021-06-30,376,equity_maximum_sharpe,Equity,maximum_sharpe,SLSQP_multistart,0.2134627460034885,0.4094773448751286,3.973547041523845,,
2021-07-30,2021-08-02,2021-08-31,2020-01-03,2021-07-30,397,equity_maximum_sharpe,Equity,maximum_sharpe,SLSQP_multistart,0.1455264252041348,0.4052619517412223,4.127026070087376,,
2021-08-31,2021-09-01,2021-09-30,2020-01-03,2021-08-31,419,equity_maximum_sharpe,Equity,maximum_sharpe,SLSQP_multistart,0.16982870283122578,0.4933116155939347,2.937403781219032,,
2021-09-30,2021-10-01,2021-10-29,2020-01-03,2021-09-30,440,equity_maximum_sharpe,Equity,maximum_sharpe,SLSQP_multistart,0.0726334730927725,0.570380441499226,2.5505350838366687,,
2021-10-29,2021-11-01,2021-11-30,2020-01-03,2021-10-29,461,equity_maximum_sharpe,Equity,maximum_sharpe,SLSQP_multistart,0.10894411402020916,0.5198870232171886,2.8365948741784957,,
2021-11-30,2021-12-01,2021-12-31,2020-01-03,2021-11-30,482,equity_maximum_sharpe,Equity,maximum_sharpe,SLSQP_multistart,0.0793998378531529,0.649986259493793,2.0740858278203715,,
2021-12-31,2022-01-03,2022-01-31,2020-01-03,2021-12-31,504,equity_maximum_sharpe,Equity,maximum_sharpe,SLSQP_multistart,0.22185426447140416,0.40541010717712367,3.59645021176851,,
2022-01-31,2022-02-01,2022-02-28,2020-01-03,2022-01-31,524,equity_maximum_sharpe,Equity,maximum_sharpe,SLSQP_multistart,0.12685271197668166,0.3350876040810542,4.363955088901516,,
2022-02-28,2022-03-01,2022-03-31,2020-01-03,2022-02-28,543,equity_maximum_sharpe,Equity,maximum_sharpe,SLSQP_multistart,0.1332528971825784,0.2699546872653535,5.187347328354246,,
2022-03-31,2022-04-01,2022-04-29,2020-01-03,2022-03-31,566,equity_maximum_sharpe,Equity,maximum_sharpe,SLSQP_multistart,0.09275611699303433,0.22670057007248348,4.962606788521774,,
2022-04-29,2022-05-02,2022-05-31,2020-01-03,2022-04-29,586,equity_maximum_sharpe,Equity,maximum_sharpe,SLSQP_multistart,0.061180776132108074,0.21740761709214707,4.950329511263427,,
2022-05-31,2022-06-01,2022-06-30,2020-01-03,2022-05-31,607,equity_maximum_sharpe,Equity,maximum_sharpe,SLSQP_multistart,0.11682251434093055,0.3134133720545531,4.645977772731856,,
2022-06-30,2022-07-01,2022-07-29,2020-01-03,2022-06-30,628,equity_maximum_sharpe,Equity,maximum_sharpe,SLSQP_multistart,0.15378855640540534,0.4345565922571092,3.9231867197965173,,
2022-07-29,2022-08-01,2022-08-31,2020-01-03,2022-07-29,648,equity_maximum_sharpe,Equity,maximum_sharpe,SLSQP_multistart,0.2351834845079052,0.32127540971668267,4.335972637392756,,
2022-08-31,2022-09-01,2022-09-30,2020-01-03,2022-08-31,671,equity_maximum_sharpe,Equity,maximum_sharpe,SLSQP_multistart,0.13985583701828702,0.255254213130845,5.3169547082654205,,
2022-09-30,2022-10-03,2022-10-31,2020-01-03,2022-09-30,692,equity_maximum_sharpe,Equity,maximum_sharpe,SLSQP_multistart,0.15208933031115787,0.36997573304328285,4.354850080815408,,
2022-10-31,2022-11-01,2022-11-30,2020-01-03,2022-10-31,713,equity_maximum_sharpe,Equity,maximum_sharpe,SLSQP_multistart,0.06529044067042492,0.3742835754401658,4.332623469422358,,
2022-11-30,2022-12-01,2022-12-30,2020-01-03,2022-11-30,734,equity_maximum_sharpe,Equity,maximum_sharpe,SLSQP_multistart,0.1979064076816035,0.4342383274434406,3.728361847934235,,
2022-12-30,2023-01-03,2023-01-31,2020-01-03,2022-12-30,755,equity_maximum_sharpe,Equity,maximum_sharpe,SLSQP_multistart,0.07901691800755162,0.501996478810868,3.1946221702899376,,
2023-01-31,2023-02-01,2023-02-28,2020-01-03,2023-01-31,775,equity_maximum_sharpe,Equity,maximum_sharpe,SLSQP_multistart,0.13826421126462418,0.3491116705023581,4.223423191564158,,
2023-02-28,2023-03-01,2023-03-31,2020-01-03,2023-02-28,794,equity_maximum_sharpe,Equity,maximum_sharpe,SLSQP_multistart,0.13442814176590925,0.43420749119655255,3.0774156045969066,,
2023-03-31,2023-04-03,2023-04-28,2020-01-03,2023-03-31,817,equity_maximum_sharpe,Equity,maximum_sharpe,SLSQP_multistart,0.0422547432978625,0.4425113236201572,3.147313015265041,,
2023-04-28,2023-05-01,2023-05-31,2020-01-03,2023-04-28,836,equity_maximum_sharpe,Equity,maximum_sharpe,SLSQP_multistart,0.08141316428111406,0.3922482876657281,3.552060163682627,,
2023-05-31,2023-06-01,2023-06-30,2020-01-03,2023-05-31,858,equity_maximum_sharpe,Equity,maximum_sharpe,SLSQP_multistart,0.07033631988631889,0.42004093642606083,2.969107543869725,,
2023-06-30,2023-07-03,2023-07-31,2020-01-03,2023-06-30,879,equity_maximum_sharpe,Equity,maximum_sharpe,SLSQP_multistart,0.08504585790979785,0.4179755705068603,3.136593118426926,,
2023-07-31,2023-08-01,2023-08-31,2020-01-03,2023-07-31,899,equity_maximum_sharpe,Equity,maximum_sharpe,SLSQP_multistart,0.0899221236612437,0.3920782792923848,2.8701338561290823,,
2023-08-31,2023-09-01,2023-09-29,2020-01-03,2023-08-31,922,equity_maximum_sharpe,Equity,maximum_sharpe,SLSQP_multistart,0.012643193228545508,0.4030778416627867,2.9297393397096747,,
2023-09-29,2023-10-02,2023-10-31,2020-01-03,2023-09-29,942,equity_maximum_sharpe,Equity,maximum_sharpe,SLSQP_multistart,0.053790544781766,0.37855228241612693,3.1167264510374157,,
2023-10-31,2023-11-01,2023-11-30,2020-01-03,2023-10-31,964,equity_maximum_sharpe,Equity,maximum_sharpe,SLSQP_multistart,0.066693907667885,0.3826722934573524,3.2580367668232153,,
2023-11-30,2023-12-01,2023-12-29,2020-01-03,2023-11-30,985,equity_maximum_sharpe,Equity,maximum_sharpe,SLSQP_multistart,0.0755272589605476,0.4001958843983275,2.948357787840269,,
2020-12-31,2021-01-04,2021-01-29,2020-01-03,2020-12-31,252,equity_minimum_variance,Equity,minimum_variance,SLSQP,,0.23104983293830791,7.290272883677846,,
2021-01-29,2021-02-01,2021-02-26,2020-01-03,2021-01-29,271,equity_minimum_variance,Equity,minimum_variance,SLSQP,0.0583949743091813,0.22558783444528246,7.4733920414174095,,
2021-02-26,2021-03-01,2021-03-31,2020-01-03,2021-02-26,290,equity_minimum_variance,Equity,minimum_variance,SLSQP,0.0171228793706912,0.21841156055782646,7.550522957682719,,
2021-03-31,2021-04-01,2021-04-30,2020-01-03,2021-03-31,313,equity_minimum_variance,Equity,minimum_variance,SLSQP,0.023281241310203957,0.22034065748739254,7.638138401006272,,
2021-04-30,2021-05-03,2021-05-28,2020-01-03,2021-04-30,334,equity_minimum_variance,Equity,minimum_variance,SLSQP,0.02168470325487482,0.22036492608846112,7.755051891916238,,
2021-05-28,2021-06-01,2021-06-30,2020-01-03,2021-05-28,354,equity_minimum_variance,Equity,minimum_variance,SLSQP,0.031806812592504057,0.21742854376758652,7.933157027319689,,
2021-06-30,2021-07-01,2021-07-30,2020-01-03,2021-06-30,376,equity_minimum_variance,Equity,minimum_variance,SLSQP,0.021777189938315566,0.21392328689428747,7.961962568872112,,
2021-07-30,2021-08-02,2021-08-31,2020-01-03,2021-07-30,397,equity_minimum_variance,Equity,minimum_variance,SLSQP,0.015626833711461504,0.2166163113472079,7.987896224408068,,
2021-08-31,2021-09-01,2021-09-30,2020-01-03,2021-08-31,419,equity_minimum_variance,Equity,minimum_variance,SLSQP,0.02123213150206253,0.21554361461439353,8.04475310861366,,
2021-09-30,2021-10-01,2021-10-29,2020-01-03,2021-09-30,440,equity_minimum_variance,Equity,minimum_variance,SLSQP,0.018326320964331344,0.2190726593452598,8.166520160840419,,
2021-10-29,2021-11-01,2021-11-30,2020-01-03,2021-10-29,461,equity_minimum_variance,Equity,minimum_variance,SLSQP,0.045174354016946125,0.220742855654985,8.168069849416103,,
2021-11-30,2021-12-01,2021-12-31,2020-01-03,2021-11-30,482,equity_minimum_variance,Equity,minimum_variance,SLSQP,0.021598403080807377,0.22186175129255126,8.1240943676449,,
2021-12-31,2022-01-03,2022-01-31,2020-01-03,2021-12-31,504,equity_minimum_variance,Equity,minimum_variance,SLSQP,0.04273431145647102,0.2177567689606883,8.295964386437385,,
2022-01-31,2022-02-01,2022-02-28,2020-01-03,2022-01-31,524,equity_minimum_variance,Equity,minimum_variance,SLSQP,0.015497270630004929,0.21491856972130005,8.339413620388598,,
2022-02-28,2022-03-01,2022-03-31,2020-01-03,2022-02-28,543,equity_minimum_variance,Equity,minimum_variance,SLSQP,0.036592936333422824,0.21663721360783386,8.45602671787419,,
2022-03-31,2022-04-01,2022-04-29,2020-01-03,2022-03-31,566,equity_minimum_variance,Equity,minimum_variance,SLSQP,0.03773842783984857,0.21514187526675735,8.437271950028329,,
2022-04-29,2022-05-02,2022-05-31,2020-01-03,2022-04-29,586,equity_minimum_variance,Equity,minimum_variance,SLSQP,0.042677918658738316,0.2145932188660457,8.559000117264828,,
2022-05-31,2022-06-01,2022-06-30,2020-01-03,2022-05-31,607,equity_minimum_variance,Equity,minimum_variance,SLSQP,0.061371918594587654,0.1873502251417487,8.874197710598997,,
2022-06-30,2022-07-01,2022-07-29,2020-01-03,2022-06-30,628,equity_minimum_variance,Equity,minimum_variance,SLSQP,0.04745217293025408,0.1894666152398172,8.866355214574208,,
2022-07-29,2022-08-01,2022-08-31,2020-01-03,2022-07-29,648,equity_minimum_variance,Equity,minimum_variance,SLSQP,0.04258654945617552,0.18916811223147814,8.835658887972011,,
2022-08-31,2022-09-01,2022-09-30,2020-01-03,2022-08-31,671,equity_minimum_variance,Equity,minimum_variance,SLSQP,0.04355045121229948,0.18458614355171393,9.064871294480444,,
2022-09-30,2022-10-03,2022-10-31,2020-01-03,2022-09-30,692,equity_minimum_variance,Equity,minimum_variance,SLSQP,0.043536356828096104,0.18948887945785925,9.01132217289276,,
2022-10-31,2022-11-01,2022-11-30,2020-01-03,2022-10-31,713,equity_minimum_variance,Equity,minimum_variance,SLSQP,0.0585661664947021,0.19251762927679994,8.887898890845074,,
2022-11-30,2022-12-01,2022-12-30,2020-01-03,2022-11-30,734,equity_minimum_variance,Equity,minimum_variance,SLSQP,0.04144334647243863,0.19627701877327602,8.716399597934132,,
2022-12-30,2023-01-03,2023-01-31,2020-01-03,2022-12-30,755,equity_minimum_variance,Equity,minimum_variance,SLSQP,0.01622676647325149,0.19631255803196837,8.691274010654393,,
2023-01-31,2023-02-01,2023-02-28,2020-01-03,2023-01-31,775,equity_minimum_variance,Equity,minimum_variance,SLSQP,0.028930449387271434,0.1937907040087751,8.745284847617175,,
2023-02-28,2023-03-01,2023-03-31,2020-01-03,2023-02-28,794,equity_minimum_variance,Equity,minimum_variance,SLSQP,0.029299001453195556,0.19259477854730322,8.86754523991179,,
2023-03-31,2023-04-03,2023-04-28,2020-01-03,2023-03-31,817,equity_minimum_variance,Equity,minimum_variance,SLSQP,0.023491109437256817,0.19471070371715718,8.839953858602543,,
2023-04-28,2023-05-01,2023-05-31,2020-01-03,2023-04-28,836,equity_minimum_variance,Equity,minimum_variance,SLSQP,0.019785733637285582,0.19629638413001382,8.838646149085776,,
2023-05-31,2023-06-01,2023-06-30,2020-01-03,2023-05-31,858,equity_minimum_variance,Equity,minimum_variance,SLSQP,0.018980992585837856,0.196558147978438,8.780495313573898,,
2023-06-30,2023-07-03,2023-07-31,2020-01-03,2023-06-30,879,equity_minimum_variance,Equity,minimum_variance,SLSQP,0.02137635178646706,0.19763827651215898,8.852147424456117,,
2023-07-31,2023-08-01,2023-08-31,2020-01-03,2023-07-31,899,equity_minimum_variance,Equity,minimum_variance,SLSQP,0.022186043177160848,0.19786655376829113,8.873667214481795,,
2023-08-31,2023-09-01,2023-09-29,2020-01-03,2023-08-31,922,equity_minimum_variance,Equity,minimum_variance,SLSQP,0.02300917736767216,0.1988092667530283,8.844850096363873,,
2023-09-29,2023-10-02,2023-10-31,2020-01-03,2023-09-29,942,equity_minimum_variance,Equity,minimum_variance,SLSQP,0.013262807366119513,0.19985943645497878,8.815503740235089,,
2023-10-31,2023-11-01,2023-11-30,2020-01-03,2023-10-31,964,equity_minimum_variance,Equity,minimum_variance,SLSQP,0.017417798837347988,0.20370407905305463,8.71912596830103,,
2023-11-30,2023-12-01,2023-12-29,2020-01-03,2023-11-30,985,equity_minimum_variance,Equity,minimum_variance,SLSQP,0.028566009998032868,0.1986071719652989,8.783634396480847,,
2020-12-31,2021-01-04,2021-01-29,2020-01-03,2020-12-31,252,equity_risk_parity,Equity,risk_parity,SLSQP_risk_contribution,,0.03927615985117702,45.19180654550715,,
2021-01-29,2021-02-01,2021-02-26,2020-01-03,2021-01-29,271,equity_risk_parity,Equity,risk_parity,SLSQP_risk_contribution,0.023884821854044766,0.03887260277087274,45.22849054250327,,
2021-02-26,2021-03-01,2021-03-31,2020-01-03,2021-02-26,290,equity_risk_parity,Equity,risk_parity,SLSQP_risk_contribution,0.04318173561851581,0.038526264487481574,45.27864779674,,
2021-03-31,2021-04-01,2021-04-30,2020-01-03,2021-03-31,313,equity_risk_parity,Equity,risk_parity,SLSQP_risk_contribution,0.021776783227526048,0.03799945647215047,45.37747681051447,,
2021-04-30,2021-05-03,2021-05-28,2020-01-03,2021-04-30,334,equity_risk_parity,Equity,risk_parity,SLSQP_risk_contribution,0.0201380754302821,0.03765308179936689,45.40596885697602,,
2021-05-28,2021-06-01,2021-06-30,2020-01-03,2021-05-28,354,equity_risk_parity,Equity,risk_parity,SLSQP_risk_contribution,0.021153529901802512,0.03723288709494351,45.44095380985167,,
2021-06-30,2021-07-01,2021-07-30,2020-01-03,2021-06-30,376,equity_risk_parity,Equity,risk_parity,SLSQP_risk_contribution,0.024350085831529672,0.03673996729513908,45.50431859034705,,
2021-07-30,2021-08-02,2021-08-31,2020-01-03,2021-07-30,397,equity_risk_parity,Equity,risk_parity,SLSQP_risk_contribution,0.019137099148129173,0.03658498596693499,45.484064972702676,,
2021-08-31,2021-09-01,2021-09-30,2020-01-03,2021-08-31,419,equity_risk_parity,Equity,risk_parity,SLSQP_risk_contribution,0.018286432533833167,0.036121951769915756,45.506861921880734,,
2021-09-30,2021-10-01,2021-10-29,2020-01-03,2021-09-30,440,equity_risk_parity,Equity,risk_parity,SLSQP_risk_contribution,0.019783383498607275,0.03608722572389326,45.515766353943945,,
2021-10-29,2021-11-01,2021-11-30,2020-01-03,2021-10-29,461,equity_risk_parity,Equity,risk_parity,SLSQP_risk_contribution,0.03158898884821605,0.03630065680472705,45.530807138019696,,
2021-11-30,2021-12-01,2021-12-31,2020-01-03,2021-11-30,482,equity_risk_parity,Equity,risk_parity,SLSQP_risk_contribution,0.0306012021209162,0.036547910401287444,45.5123906519877,,
2021-12-31,2022-01-03,2022-01-31,2020-01-03,2021-12-31,504,equity_risk_parity,Equity,risk_parity,SLSQP_risk_contribution,0.02155768709685192,0.03654400613499229,45.48108142913815,,
2022-01-31,2022-02-01,2022-02-28,2020-01-03,2022-01-31,524,equity_risk_parity,Equity,risk_parity,SLSQP_risk_contribution,0.0334889037073389,0.0366538595570867,45.48482854780788,,
2022-02-28,2022-03-01,2022-03-31,2020-01-03,2022-02-28,543,equity_risk_parity,Equity,risk_parity,SLSQP_risk_contribution,0.027217814311328744,0.03719895556235582,45.423847219548186,,
2022-03-31,2022-04-01,2022-04-29,2020-01-03,2022-03-31,566,equity_risk_parity,Equity,risk_parity,SLSQP_risk_contribution,0.028723050515046082,0.03819559201617222,45.37016857898396,,
2022-04-29,2022-05-02,2022-05-31,2020-01-03,2022-04-29,586,equity_risk_parity,Equity,risk_parity,SLSQP_risk_contribution,0.03382554737363606,0.03772433454157536,45.47038217729913,,
2022-05-31,2022-06-01,2022-06-30,2020-01-03,2022-05-31,607,equity_risk_parity,Equity,risk_parity,SLSQP_risk_contribution,0.030894820641166387,0.037399546394609975,45.413419293904454,,
2022-06-30,2022-07-01,2022-07-29,2020-01-03,2022-06-30,628,equity_risk_parity,Equity,risk_parity,SLSQP_risk_contribution,0.03260358968157455,0.03729788671948633,45.42104014150192,,
2022-07-29,2022-08-01,2022-08-31,2020-01-03,2022-07-29,648,equity_risk_parity,Equity,risk_parity,SLSQP_risk_contribution,0.032362543901041076,0.03740462419044331,45.407973497504244,,
2022-08-31,2022-09-01,2022-09-30,2020-01-03,2022-08-31,671,equity_risk_parity,Equity,risk_parity,SLSQP_risk_contribution,0.020085628720785183,0.03695224514456769,45.46558629153109,,
2022-09-30,2022-10-03,2022-10-31,2020-01-03,2022-09-30,692,equity_risk_parity,Equity,risk_parity,SLSQP_risk_contribution,0.029682304102589777,0.036386692064210274,45.598007532665754,,
2022-10-31,2022-11-01,2022-11-30,2020-01-03,2022-10-31,713,equity_risk_parity,Equity,risk_parity,SLSQP_risk_contribution,0.0344355526243217,0.03601403257490365,45.72703023547183,,
2022-11-30,2022-12-01,2022-12-30,2020-01-03,2022-11-30,734,equity_risk_parity,Equity,risk_parity,SLSQP_risk_contribution,0.028381347485855746,0.0360932332587423,45.771393614641106,,
2022-12-30,2023-01-03,2023-01-31,2020-01-03,2022-12-30,755,equity_risk_parity,Equity,risk_parity,SLSQP_risk_contribution,0.02011633765538575,0.03587648441559185,45.793802044127354,,
2023-01-31,2023-02-01,2023-02-28,2020-01-03,2023-01-31,775,equity_risk_parity,Equity,risk_parity,SLSQP_risk_contribution,0.03260444465127597,0.03564580875836951,45.82266044531804,,
2023-02-28,2023-03-01,2023-03-31,2020-01-03,2023-02-28,794,equity_risk_parity,Equity,risk_parity,SLSQP_risk_contribution,0.019422763588855384,0.03567345023317476,45.840889032299046,,
2023-03-31,2023-04-03,2023-04-28,2020-01-03,2023-03-31,817,equity_risk_parity,Equity,risk_parity,SLSQP_risk_contribution,0.024306625783873007,0.03585833910783256,45.823540911839295,,
2023-04-28,2023-05-01,2023-05-31,2020-01-03,2023-04-28,836,equity_risk_parity,Equity,risk_parity,SLSQP_risk_contribution,0.019340998854634108,0.0358916707617088,45.83219544647841,,
2023-05-31,2023-06-01,2023-06-30,2020-01-03,2023-05-31,858,equity_risk_parity,Equity,risk_parity,SLSQP_risk_contribution,0.027370285469031953,0.03594962271163062,45.81259607661875,,
2023-06-30,2023-07-03,2023-07-31,2020-01-03,2023-06-30,879,equity_risk_parity,Equity,risk_parity,SLSQP_risk_contribution,0.018268456869944542,0.0359814992766112,45.811927333897124,,
2023-07-31,2023-08-01,2023-08-31,2020-01-03,2023-07-31,899,equity_risk_parity,Equity,risk_parity,SLSQP_risk_contribution,0.021198878771159488,0.03602329437019997,45.822755145742136,,
2023-08-31,2023-09-01,2023-09-29,2020-01-03,2023-08-31,922,equity_risk_parity,Equity,risk_parity,SLSQP_risk_contribution,0.02165009083984016,0.03600558301964153,45.850833012075135,,
2023-09-29,2023-10-02,2023-10-31,2020-01-03,2023-09-29,942,equity_risk_parity,Equity,risk_parity,SLSQP_risk_contribution,0.018750491655470013,0.036028442066647515,45.8661655724676,,
2023-10-31,2023-11-01,2023-11-30,2020-01-03,2023-10-31,964,equity_risk_parity,Equity,risk_parity,SLSQP_risk_contribution,0.02253169390494133,0.03620299887531811,45.89830630824619,,
2023-11-30,2023-12-01,2023-12-29,2020-01-03,2023-11-30,985,equity_risk_parity,Equity,risk_parity,SLSQP_risk_contribution,0.029450770321181777,0.03644591306469897,45.90308251205456,,
